nasdaq,nyse,nysemkt
AACG.US,A.US,ACU.US
AACI.US,AA.US,ADRT-U.US
AACIU.US,AACT-U.US,ADRT.US
AADI.US,AACT-WS.US,AE.US
AAGR.US,AACT.US,AEF.US
AAGRW.US,AAM-U.US,AEON.US
AAL.US,AAM-WS.US,AIM.US
AAME.US,AAM.US,AIRI.US
AAOI.US,AAN.US,AMBI-WS.US
AAON.US,AAP.US,AMBI.US
AAPB.US,AAT.US,AMBO.US
AAPD.US,AB.US,AMS.US
AAPL.US,ABBV.US,ANVS.US
AAPU.US,ABEV.US,AP-WS.US
ABAT.US,ABG.US,APT.US
ABCB.US,ABM.US,AREN.US
ABCL.US,ABNY.US,ARMN.US
ABCS.US,ABR.US,ARMP.US
ABEO.US,ABR_D.US,ASM.US
ABIO.US,ABR_E.US,ASXC.US
ABL.US,ABR_F.US,ATCH.US
ABLLL.US,ABT.US,ATEK-U.US
ABLLW.US,AC.US,ATEK.US
ABLV.US,ACA.US,ATNM.US
ABLVW.US,ACCO.US,AUMN.US
ABNB.US,ACEL.US,AUST.US
ABOS.US,ACHR-WS.US,AWX.US
ABP.US,ACHR.US,AXIL.US
ABPWW.US,ACI.US,AZTR.US
ABSI.US,ACLO.US,BATL.US
ABTS.US,ACM.US,BCV.US
ABUS.US,ACN.US,BCV_A.US
ABVC.US,ACP.US,BDL.US
ABVE.US,ACP_A.US,BEEP.US
ABVEW.US,ACR.US,BGI.US
ABVX.US,ACRE.US,BHB.US
ACAB.US,ACR_C.US,BHM.US
ACABU.US,ACR_D.US,BHV.US
ACAC.US,ACV.US,BKTI.US
ACACU.US,ADC.US,BMTX-WS.US
ACAD.US,ADCT.US,BMTX.US
ACB.US,ADC_A.US,BRBS.US
ACCD.US,ADM.US,BRN.US
ACDC.US,ADNT.US,BTG.US
ACET.US,ADT.US,BTTR.US
ACGL.US,ADX.US,BURU.US
ACGLN.US,AEE.US,CANF.US
ACGLO.US,AEFC.US,CATX.US
ACHC.US,AEG.US,CCEL.US
ACHL.US,AEM.US,CET.US
ACHV.US,AEO.US,CEV.US
ACIC.US,AER.US,CHEB-WS.US
ACIU.US,AES.US,CHEB.US
ACIW.US,AESI.US,CHRO.US
ACLS.US,AEVA-WS.US,CIK.US
ACLX.US,AEVA.US,CIX.US
ACMR.US,AFB.US,CKX.US
ACNB.US,AFG.US,CLDI-WS.US
ACNT.US,AFGB.US,CLDI.US
ACOG.US,AFGC.US,CLM.US
ACON.US,AFGD.US,CMCL.US
ACONW.US,AFGE.US,CMT.US
ACRS.US,AFL.US,CNDA-WS.US
ACRV.US,AG.US,CNL.US
ACT.US,AGCO.US,COE.US
ACTG.US,AGGS.US,COHN.US
ACTU.US,AGI.US,CPHI.US
ACVA.US,AGL.US,CQP.US
ACXP.US,AGM-A.US,CRF.US
ADAG.US,AGM.US,CTGO.US
ADAP.US,AGM_D.US,CTM.US
ADBE.US,AGM_E.US,CVM.US
ADD.US,AGM_F.US,CVR.US
ADEA.US,AGM_G.US,CVU.US
ADGM.US,AGO.US,CYBN.US
ADI.US,AGR.US,DC-WS.US
ADIL.US,AGRO.US,DC.US
ADMA.US,AGS.US,DDC.US
ADN.US,AGX.US,DHY.US
ADNWW.US,AHH.US,DIT.US
ADP.US,AHH_A.US,DMF.US
ADPT.US,AHL_C.US,DMYY-U.US
ADSE.US,AHL_D.US,DMYY.US
ADSEW.US,AHL_E.US,DNN.US
ADSK.US,AHR.US,DSS.US
ADTN.US,AHT.US,EAD.US
ADTX.US,AHT_D.US,ECF.US
ADUR.US,AHT_F.US,ECF_A.US
ADUS.US,AHT_G.US,EFSH.US
ADV.US,AHT_H.US,EIM.US
ADVM.US,AHT_I.US,ELA.US
ADVWW.US,AI.US,ELLO.US
ADXN.US,AIBD.US,ELMD.US
AEAE.US,AIBU.US,EMX.US
AEAEU.US,AIFD.US,ENSV.US
AEHL.US,AIG.US,ENX.US
AEHR.US,AIN.US,EONR-WS.US
AEI.US,AIO.US,EONR.US
AEIS.US,AIR.US,EP.US
AEMD.US,AIT.US,EPM.US
AENT.US,AIU.US,EQX.US
AENTW.US,AIV.US,ERC.US
AEP.US,AIZ.US,ERH.US
AERT.US,AIZN.US,ESP.US
AERTW.US,AJG.US,EVBN.US
AEYE.US,AJUL.US,EVE-U.US
AFARU.US,AJX.US,EVE.US
AFBI.US,AKA.US,EVI.US
AFCG.US,AKO-A.US,EVM.US
AFJK.US,AKO-B.US,EVV.US
AFJKR.US,AKR.US,FAX.US
AFJKU.US,AL.US,FCO.US
AFMD.US,ALB.US,FLYX-WS.US
AFRI.US,ALB_A.US,FLYX.US
AFRIW.US,ALC.US,FOXO.US
AFRM.US,ALE.US,FRD.US
AFYA.US,ALEX.US,FSI.US
AGAE.US,ALG.US,FSP.US
AGBA.US,ALIT.US,FTF.US
AGEN.US,ALK.US,FURY.US
AGFY.US,ALL.US,GAU.US
AGIO.US,ALLE.US,GBR.US
AGIX.US,ALLY.US,GENC.US
AGMH.US,ALL_B.US,GGN.US
AGMI.US,ALL_H.US,GGN_B.US
AGNC.US,ALL_I.US,GLDG.US
AGNCL.US,ALL_J.US,GLO.US
AGNCM.US,ALSN.US,GLQ.US
AGNCN.US,ALTG.US,GLU.US
AGNCO.US,ALTG_A.US,GLU_A.US
AGNCP.US,ALTM.US,GLU_B.US
AGRI.US,ALUR-WS.US,GLV.US
AGYS.US,ALUR.US,GNS.US
AHCO.US,ALV.US,GORO.US
AHG.US,ALX.US,GPUS.US
AIEV.US,AM.US,GPUS_D.US
AIFF.US,AMBC.US,GRAF-WS.US
AIFU.US,AMBP-WS.US,GRAF.US
AIHS.US,AMBP.US,GRF.US
AILE.US,AMC.US,GRFX.US
AILEW.US,AMCR.US,GROY.US
AIMAU.US,AME.US,GSAT.US
AIMBU.US,AMG.US,GTE.US
AIMD.US,AMH.US,HCWC.US
AIOT.US,AMH_G.US,HNRA.US
AIP.US,AMH_H.US,HNW.US
AIPI.US,AMJB.US,HUSA.US
AIRE.US,AMK.US,HWM_.US
AIRG.US,AMN.US,IAF.US
AIRJ.US,AMP.US,IAUX.US
AIRJW.US,AMPS.US,IBIO.US
AIRL.US,AMPX-WS.US,IBO.US
AIRS.US,AMPX.US,IDR.US
AIRT.US,AMPY.US,IE.US
AIRTP.US,AMR.US,IGC.US
AISP.US,AMRC.US,IHT.US
AISPW.US,AMT.US,IMO.US
AITR.US,AMTB.US,INDO.US
AITRR.US,AMTD.US,INFU.US
AITRU.US,AMTM-W.US,INLX.US
AIXI.US,AMTM.US,INTT.US
AKAM.US,AMWL.US,INUV.US
AKAN.US,AMX.US,IOR.US
AKBA.US,AN.US,IPB.US
AKRO.US,ANET.US,ISDR.US
AKTS.US,ANF.US,ITP.US
AKTX.US,ANG_A.US,ITRG.US
AKYA.US,ANG_B.US,JOB.US
ALAB.US,ANRO.US,JWSMF.US
ALAR.US,AOCT.US,KAPA.US
ALBT.US,AOMN.US,KNW.US
ALCE.US,AOMR.US,KULR.US
ALCO.US,AON.US,LCTX.US
ALCY.US,AORT.US,LEGT-U.US
ALCYU.US,AOS.US,LEGT-WS.US
ALCYW.US,AP.US,LEGT.US
ALDFU.US,APAM.US,LEU.US
ALDX.US,APD.US,LGCY.US
ALEC.US,APG.US,LGL-WS.US
ALF.US,APH.US,LGL.US
ALFUU.US,APLE.US,LMND-WS.US
ALFUW.US,APO.US,LNG.US
ALGM.US,APOC.US,LODE.US
ALGN.US,APOS.US,LPA.US
ALGS.US,APO_A.US,LSF.US
ALGT.US,APTV.US,MAG.US
ALHC.US,AQN.US,MAIA.US
ALIM.US,AQNB.US,MGLD.US
ALKS.US,AR.US,MHH.US
ALKT.US,ARC.US,MI.US
ALLK.US,ARCH.US,MITQ.US
ALLO.US,ARCO.US,MLSS.US
ALLR.US,ARDC.US,MMA.US
ALLT.US,ARDT.US,MPTI.US
ALMS.US,ARE.US,MPU.US
ALNT.US,AREA.US,MRT.US
ALNY.US,ARES.US,MSN.US
ALOT.US,ARES_B.US,MTA.US
ALPP.US,ARGD.US,MTNB.US
ALRM.US,ARGO_A.US,MVF.US
ALRN.US,ARI.US,MWG.US
ALRS.US,ARIS.US,MXC.US
ALSA.US,ARL.US,MYND.US
ALSAR.US,ARLO.US,MYO.US
ALSAU.US,ARMK.US,NAK.US
ALT.US,AROC.US,NBH.US
ALTI.US,ARR.US,NBY.US
ALTO.US,ARR_C.US,NCL.US
ALTR.US,ARTY.US,NEN.US
ALVO.US,ARW.US,NEWP.US
ALVOW.US,AS.US,NFGC.US
ALVR.US,ASA.US,NG.US
ALXO.US,ASAI.US,NGD.US
ALZN.US,ASAN.US,NHC.US
AMAL.US,ASB.US,NHS.US
AMAT.US,ASBA.US,NML.US
AMBA.US,ASB_E.US,NNVC.US
AMCX.US,ASB_F.US,NRO.US
AMD.US,ASC.US,NRXS.US
AMDL.US,ASG.US,NTIP.US
AMDS.US,ASGI.US,NVG.US
AMED.US,ASGN.US,OBE.US
AMGN.US,ASH.US,OGEN.US
AMID.US,ASIX.US,OPTT.US
AMIX.US,ASMF.US,ORLA.US
AMKR.US,ASPN.US,OSTX.US
AMLI.US,ASR.US,OUST-WS-A.US
AMLX.US,ASX.US,OZ.US
AMPG.US,ATCO_D.US,PAPL.US
AMPH.US,ATCO_H.US,PARR.US
AMPL.US,ATEN.US,PCG_A.US
AMRK.US,ATGE.US,PCG_B.US
AMRN.US,ATHM.US,PCG_C.US
AMRX.US,ATHS.US,PCG_D.US
AMSC.US,ATH_A.US,PCG_E.US
AMSF.US,ATH_B.US,PCG_G.US
AMST.US,ATH_C.US,PCG_H.US
AMTX.US,ATH_D.US,PCG_I.US
AMWD.US,ATH_E.US,PED.US
AMZD.US,ATI.US,PHGE-U.US
AMZN.US,ATIP.US,PHGE.US
AMZU.US,ATKR.US,PLAG.US
AMZZ.US,ATMU.US,PLG.US
ANAB.US,ATO.US,PLX.US
ANDE.US,ATR.US,PRK.US
ANEB.US,ATS.US,PTN.US
ANGH.US,ATUS.US,PW.US
ANGHW.US,AU.US,PW_A.US
ANGI.US,AUB.US,PZG.US
ANGO.US,AUB_A.US,RCG.US
ANIK.US,AUGM.US,REI.US
ANIP.US,AUGP.US,REPX.US
ANIX.US,AUGU.US,RHE.US
ANL.US,AUNA.US,RHE_A.US
ANNX.US,AVA.US,RLGT.US
ANSC.US,AVAL.US,ROLR.US
ANSCU.US,AVB.US,RVP.US
ANSCW.US,AVD.US,RYDE.US
ANSS.US,AVK-R.US,SACC.US
ANTE.US,AVK.US,SACH.US
ANTX.US,AVKR-W.US,SACH_A.US
ANY.US,AVNS.US,SATX.US
AOGOU.US,AVNT.US,SBEV.US
AOSL.US,AVTR.US,SBI.US
AOTG.US,AVY.US,SCCC.US
AOUT.US,AWF.US,SCCD.US
APA.US,AWI.US,SCCE.US
APCX.US,AWK.US,SCCF.US
APCXW.US,AWR.US,SCCG.US
APDN.US,AX.US,SCPX.US
APEI.US,AXL.US,SEB.US
APGE.US,AXP.US,SEG-R.US
API.US,AXR.US,SEG.US
APLD.US,AXS.US,SENS.US
APLM.US,AXS_E.US,SER.US
APLMW.US,AXTA.US,SGE.US
APLS.US,AYI.US,SGN.US
APLT.US,AZEK.US,SIF.US
APM.US,AZNH.US,SILV.US
APOG.US,AZO.US,SIM.US
APP.US,AZUL.US,SKYH-WS.US
APPF.US,AZZ.US,SKYH.US
APPN.US,B.US,SLI.US
APPS.US,BA.US,SLND-WS.US
APRE.US,BABA.US,SLND.US
APTO.US,BABO.US,SLSR.US
APVO.US,BAC.US,SOAR.US
APWC.US,BAC_B.US,SSY.US
APXI.US,BAC_E.US,STRW.US
APXIU.US,BAC_K.US,STXS.US
APYX.US,BAC_L.US,SVM.US
AQB.US,BAC_M.US,SVT.US
AQMS.US,BAC_N.US,SYNX.US
AQST.US,BAC_O.US,TDW-WS.US
AQU.US,BAC_P.US,TELL.US
AQUNR.US,BAC_Q.US,TELZ.US
AQUNU.US,BAC_S.US,TGB.US
ARAY.US,BAH.US,THM.US
ARBB.US,BAI.US,TMP.US
ARBE.US,BAK.US,TMQ.US
ARBEW.US,BALL.US,TOON.US
ARBK.US,BALY-T.US,TOVX.US
ARBKL.US,BALY.US,TPET.US
ARCB.US,BAM.US,TRT.US
ARCC.US,BANC.US,TRX.US
ARCT.US,BANC_F.US,UAMY.US
ARDX.US,BAP.US,UAVS.US
AREB.US,BARK-WS.US,UEC.US
AREBW.US,BARK.US,UMAC.US
AREC.US,BAX.US,URG.US
ARGX.US,BA_A.US,USAS.US
ARHS.US,BB.US,UTG.US
ARKO.US,BBAI-WS.US,UUU.US
ARKOW.US,BBAI.US,UUUU.US
ARKR.US,BBAR.US,VENU.US
ARLP.US,BBD.US,VFL.US
ARM.US,BBDC.US,VGZ.US
AROW.US,BBDO.US,VINE.US
ARQ.US,BBN.US,VKI.US
ARQQ.US,BBU.US,VNRX.US
ARQQW.US,BBUC.US,VTAK.US
ARQT.US,BBVA.US,VZLA.US
ARRY.US,BBW.US,WRN.US
ARTL.US,BBWI.US,WWR.US
ARTNA.US,BBY.US,WYY.US
ARTV.US,BC.US,XPL.US
ARTW.US,BCAN.US,XTNT.US
ARVN.US,BCAT.US,YCBD.US
ARVR.US,BCC.US,YCBD_A.US
ARWR.US,BCE.US,ZDGE.US
ASCBF.US,BCH.US,ZOM.US
ASCRF.US,BCIL.US,ZONE.US
ASLE.US,BCO.US,
ASMB.US,BCS.US,
ASML.US,BCSF.US,
ASND.US,BC_A.US,
ASNS.US,BC_B.US,
ASO.US,BC_C.US,
ASPCU.US,BDC.US,
ASPI.US,BDIV.US,
ASPS.US,BDJ.US,
ASRT.US,BDN.US,
ASRV.US,BDX.US,
ASST.US,BE.US,
ASTC.US,BEDU.US,
ASTE.US,BEKE.US,
ASTH.US,BEN.US,
ASTI.US,BEP.US,
ASTL.US,BEPC.US,
ASTLW.US,BEPH.US,
ASTS.US,BEPI.US,
ASUR.US,BEPJ.US,
ASYS.US,BEP_A.US,
ATAI.US,BERY.US,
ATAT.US,BEST.US,
ATCOL.US,BF-A.US,
ATEC.US,BF-B.US,
ATER.US,BFAC.US,
ATEX.US,BFAM.US,
ATGL.US,BFH.US,
ATHA.US,BFK.US,
ATHE.US,BFLY-WS.US,
ATIF.US,BFLY.US,
ATLC.US,BFS.US,
ATLCL.US,BFS_D.US,
ATLCP.US,BFS_E.US,
ATLCZ.US,BFZ.US,
ATLO.US,BG.US,
ATLX.US,BGB.US,
ATMC.US,BGH.US,
ATMCR.US,BGR.US,
ATMCU.US,BGS.US,
ATMV.US,BGSF.US,
ATMVR.US,BGT.US,
ATMVU.US,BGX.US,
ATNF.US,BGY.US,
ATNFW.US,BH-A.US,
ATNI.US,BH.US,
ATOM.US,BHC.US,
ATOS.US,BHE.US,
ATPC.US,BHIL.US,
ATRA.US,BHK.US,
ATRC.US,BHLB.US,
ATRI.US,BHP.US,
ATRO.US,BHR.US,
ATSG.US,BHR_B.US,
ATXG.US,BHR_D.US,
ATXI.US,BHVN.US,
ATXS.US,BIDD.US,
ATYR.US,BIGZ.US,
AUBN.US,BILL.US,
AUDC.US,BIO.US,
AUGX.US,BIP.US,
AUID.US,BIPC.US,
AUMI.US,BIPH.US,
AUPH.US,BIPI.US,
AUR.US,BIPJ.US,
AURA.US,BIP_A.US,
AUROW.US,BIP_B.US,
AUTL.US,BIRK.US,
AUUD.US,BJ.US,
AUUDW.US,BK.US,
AVAH.US,BKD.US,
AVAV.US,BKDT.US,
AVBP.US,BKE.US,
AVDL.US,BKH.US,
AVDX.US,BKKT-WS.US,
AVGO.US,BKKT.US,
AVGR.US,BKN.US,
AVGX.US,BKSY-WS.US,
AVIR.US,BKSY.US,
AVL.US,BKT.US,
AVNW.US,BKU.US,
AVO.US,BKV.US,
AVPT.US,BLCO.US,
AVPTW.US,BLCR.US,
AVS.US,BLD.US,
AVT.US,BLDR.US,
AVTE.US,BLE.US,
AVTX.US,BLK.US,
AVXC.US,BLND.US,
AVXL.US,BLW.US,
AWH.US,BLX.US,
AWRE.US,BMA.US,
AXDX.US,BME.US,
AXGN.US,BMEZ.US,
AXNX.US,BMI.US,
AXON.US,BML_G.US,
AXSM.US,BML_H.US,
AXTI.US,BML_J.US,
AY.US,BML_L.US,
AYRO.US,BMN.US,
AYTU.US,BMO.US,
AZ.US,BMY.US,
AZI.US,BN.US,
AZN.US,BNED.US,
AZPN.US,BNH.US,
AZTA.US,BNJ.US,
BABX.US,BNL.US,
BACK.US,BNRE-A.US,
BACQU.US,BNRE.US,
BAER.US,BNS.US,
BAERW.US,BNT.US,
BAFE.US,BNY.US,
BAFN.US,BOC.US,
BAND.US,BODI.US,
BANF.US,BOH.US,
BANFP.US,BOH_A.US,
BANL.US,BOH_B.US,
BANR.US,BOOT.US,
BANX.US,BORR.US,
BAOS.US,BOW.US,
BASE.US,BOWL.US,
BATRA.US,BOX.US,
BATRK.US,BP.US,
BAYA.US,BPT.US,
BAYAR.US,BQ.US,
BAYAU.US,BR.US,
BBCP.US,BRBR.US,
BBGI.US,BRC.US,
BBIO.US,BRCC.US,
BBLG.US,BRDG.US,
BBSI.US,BRFS.US,
BCAB.US,BRK-A.US,
BCAL.US,BRK-B.US,
BCAX.US,BRO.US,
BCBP.US,BROS.US,
BCDA.US,BRSP.US,
BCG.US,BRT.US,
BCGWW.US,BRW.US,
BCLI.US,BRX.US,
BCML.US,BSAC.US,
BCOV.US,BSBR.US,
BCOW.US,BSIG.US,
BCPC.US,BSL.US,
BCRX.US,BSM.US,
BCSA.US,BST.US,
BCSAU.US,BSTZ.US,
BCSAW.US,BSX.US,
BCTX.US,BTA.US,
BCTXW.US,BTC.US,
BCYC.US,BTCI.US,
BDGS.US,BTCL.US,
BDMD.US,BTCM.US,
BDMDW.US,BTCZ.US,
BDRX.US,BTE.US,
BDSX.US,BTI.US,
BDTX.US,BTO.US,
BEAGU.US,BTT.US,
BEAM.US,BTU.US,
BEAT.US,BTZ.US,
BEATW.US,BUD.US,
BECN.US,BUFP.US,
BEEM.US,BUFS.US,
BEEZ.US,BUFY.US,
BELFA.US,BUI.US,
BELFB.US,BUR.US,
BELT.US,BURL.US,
BENF.US,BUYO.US,
BENFW.US,BV.US,
BETR.US,BVN.US,
BETRW.US,BW.US,
BFC.US,BWA.US,
BFIN.US,BWG.US,
BFRG.US,BWLP.US,
BFRI.US,BWMX.US,
BFRIW.US,BWNB.US,
BFST.US,BWSN.US,
BGC.US,BWXT.US,
BGFV.US,BW_A.US,
BGLC.US,BX.US,
BGM.US,BXC.US,
BGNE.US,BXMT.US,
BGRO.US,BXMX.US,
BGXX.US,BXP.US,
BHAC.US,BXSL.US,
BHACU.US,BY.US,
BHAT.US,BYD.US,
BHF.US,BYM.US,
BHFAL.US,BYON.US,
BHFAM.US,BZH.US,
BHFAN.US,C.US,
BHFAO.US,CAAP.US,
BHFAP.US,CABO.US,
BHRB.US,CACI.US,
BHST.US,CADE.US,
BIAF.US,CADE_A.US,
BIAFW.US,CAE.US,
BIDU.US,CAF.US,
BIGC.US,CAFX.US,
BIIB.US,CAG.US,
BILI.US,CAH.US,
BIMI.US,CAL.US,
BIOA.US,CALX.US,
BIOR.US,CANG.US,
BIOX.US,CAPL.US,
BIRD.US,CARD.US,
BITF.US,CARR.US,
BITS.US,CARS.US,
BIVI.US,CARU.US,
BJDX.US,CAT.US,
BJRI.US,CATF.US,
BKHA.US,CATO.US,
BKHAR.US,CAVA.US,
BKHAU.US,CB.US,
BKIV.US,CBH.US,
BKNG.US,CBL.US,
BKR.US,CBNA.US,
BKWO.US,CBOE.US,
BKYI.US,CBRE.US,
BL.US,CBT.US,
BLAC.US,CBU.US,
BLACR.US,CBZ.US,
BLACU.US,CC.US,
BLBD.US,CCI.US,
BLBX.US,CCIA.US,
BLDE.US,CCIF.US,
BLDEW.US,CCJ.US,
BLDP.US,CCK.US,
BLEU.US,CCL.US,
BLEUR.US,CCM.US,
BLFS.US,CCO.US,
BLFY.US,CCRD.US,
BLIN.US,CCS.US,
BLKB.US,CCU.US,
BLLD.US,CCZ.US,
BLMN.US,CDE.US,
BLMZ.US,CDLR.US,
BLNK.US,CDP.US,
BLRX.US,CDRE.US,
BLTE.US,CDR_B.US,
BLUE.US,CDR_C.US,
BLZE.US,CE.US,
BMBL.US,CEE.US,
BMDL.US,CEF.US,
BMEA.US,CEIX.US,
BMR.US,CELG-R.US,
BMRA.US,CEM.US,
BMRC.US,CEPU.US,
BMRN.US,CERY.US,
BNAI.US,CETH.US,
BNAIW.US,CF.US,
BNGO.US,CFG.US,
BNIX.US,CFG_E.US,
BNIXR.US,CFG_H.US,
BNOX.US,CFR.US,
BNR.US,CFR_B.US,
BNRG.US,CGA.US,
BNTC.US,CGAU.US,
BNTX.US,CGCV.US,
BNZI.US,CGGE.US,
BNZIW.US,CGHM.US,
BOCN.US,CGIB.US,
BOCNU.US,CGIC.US,
BOF.US,CGNG.US,
BOKF.US,CGUI.US,
BOLD.US,CHCT.US,
BOLT.US,CHD.US,
BON.US,CHE.US,
BOOM.US,CHEB-U.US,
BOSC.US,CHGG.US,
BOTJ.US,CHH.US,
BOTT.US,CHMI.US,
BOWN.US,CHMI_A.US,
BOWNR.US,CHMI_B.US,
BOWNU.US,CHN.US,
BOXL.US,CHPT.US,
BPMC.US,CHT.US,
BPOP.US,CHWY.US,
BPOPM.US,CI.US,
BPRN.US,CIA.US,
BPTH.US,CIB.US,
BPYPM.US,CICB.US,
BPYPN.US,CIEN.US,
BPYPO.US,CIF.US,
BPYPP.US,CIG-C.US,
BRAC.US,CIG.US,
BRACR.US,CII.US,
BRACU.US,CIM.US,
BRAG.US,CIMN.US,
BREA.US,CIMO.US,
BRFH.US,CIM_A.US,
BRHY.US,CIM_B.US,
BRID.US,CIM_C.US,
BRKH.US,CIM_D.US,
BRKHU.US,CINT.US,
BRKHW.US,CIO.US,
BRKL.US,CION.US,
BRKR.US,CIO_A.US,
BRLS.US,CIVI.US,
BRLSW.US,CL.US,
BRLT.US,CLB.US,
BRNS.US,CLBR-U.US,
BRNY.US,CLBR-WS.US,
BROG.US,CLBR.US,
BROGW.US,CLCO.US,
BRTR.US,CLDT.US,
BRTX.US,CLDT_A.US,
BRY.US,CLF.US,
BRZE.US,CLH.US,
BSBK.US,CLOB.US,
BSCV.US,CLPR.US,
BSCW.US,CLS.US,
BSCX.US,CLVT.US,
BSCY.US,CLW.US,
BSET.US,CLX.US,
BSFC.US,CM.US,
BSGM.US,CMA.US,
BSII.US,CMBT.US,
BSIIU.US,CMC.US,
BSIIW.US,CMCM.US,
BSJT.US,CMG.US,
BSJU.US,CMI.US,
BSJV.US,CMP.US,
BSJW.US,CMRE.US,
BSLK.US,CMRE_B.US,
BSLKU.US,CMRE_C.US,
BSLKW.US,CMRE_D.US,
BSMV.US,CMS.US,
BSMW.US,CMSA.US,
BSMY.US,CMSC.US,
BSRR.US,CMSD.US,
BSSX.US,CMS_B.US,
BSVN.US,CMS_C.US,
BSVO.US,CMTG.US,
BSY.US,CMU.US,
BTAI.US,CNA.US,
BTBD.US,CNAV.US,
BTBDW.US,CNC.US,
BTBT.US,CNF.US,
BTCS.US,CNH.US,
BTCT.US,CNI.US,
BTCTW.US,CNK.US,
BTCY.US,CNM.US,
BTDR.US,CNMD.US,
BTF.US,CNNE.US,
BTFX.US,CNO.US,
BTGD.US,CNO_A.US,
BTM.US,CNP.US,
BTMD.US,CNQ.US,
BTMWW.US,CNS.US,
BTOC.US,CNX.US,
BTOG.US,CODI.US,
BTSG.US,CODI_A.US,
BTSGU.US,CODI_B.US,
BUFC.US,CODI_C.US,
BUJA.US,COF.US,
BUJAR.US,COF_I.US,
BUJAU.US,COF_J.US,
BUJAW.US,COF_K.US,
BULD.US,COF_L.US,
BUSE.US,COF_N.US,
BVFL.US,COHR.US,
BVS.US,COLD.US,
BWAY.US,COMP.US,
BWB.US,CON.US,
BWBBP.US,COOK.US,
BWEN.US,COP.US,
BWFG.US,COPA.US,
BWIN.US,COR.US,
BWMN.US,COTY.US,
BYFC.US,COUR.US,
BYND.US,CP.US,
BYNO.US,CPA.US,
BYNOU.US,CPAC.US,
BYRN.US,CPAY.US,
BYSI.US,CPF.US,
BYU.US,CPK.US,
BZ.US,CPNG.US,
BZFD.US,CPNJ.US,
BZFDW.US,CPNS.US,
BZUN.US,CPRI.US,
CA.US,CPRJ.US,
CAAS.US,CPRO.US,
CABA.US,CPS.US,
CAC.US,CPSA.US,
CACC.US,CPSJ.US,
CADL.US,CPSL.US,
CAFG.US,CPSM.US,
CAKE.US,CPSO.US,
CALC.US,CPST.US,
CALI.US,CPT.US,
CALM.US,CR.US,
CALT.US,CRBG.US,
CAMP.US,CRC.US,
CAMT.US,CRD-A.US,
CAN.US,CRD-B.US,
CANC.US,CRGY.US,
CANQ.US,CRH.US,
CAPN.US,CRI.US,
CAPNR.US,CRK.US,
CAPNU.US,CRL.US,
CAPR.US,CRM.US,
CAPT.US,CRS.US,
CAPTW.US,CRSH.US,
CAR.US,CRT.US,
CARA.US,CSAN.US,
CARE.US,CSHP.US,
CARG.US,CSL.US,
CARM.US,CSR.US,
CART.US,CSTM.US,
CARV.US,CSV.US,
CASH.US,CTA_A.US,
CASI.US,CTA_B.US,
CASK.US,CTBB.US,
CASS.US,CTDD.US,
CASY.US,CTLT.US,
CATY.US,CTO.US,
CAUD.US,CTOS.US,
CBAN.US,CTO_A.US,
CBAT.US,CTR.US,
CBFV.US,CTRA.US,
CBLL.US,CTRE.US,
CBNK.US,CTRI.US,
CBRG.US,CTS.US,
CBRL.US,CTV.US,
CBSH.US,CTVA.US,
CBUS.US,CUBB.US,
CCAP.US,CUBE.US,
CCB.US,CUBI.US,
CCBG.US,CUBI_E.US,
CCCC.US,CUBI_F.US,
CCCS.US,CUK.US,
CCD.US,CULP.US,
CCEC.US,CURB-W.US,
CCEP.US,CURB.US,
CCG.US,CURR.US,
CCGWW.US,CURV.US,
CCIRU.US,CUZ.US,
CCIX.US,CVE-WS.US,
CCIXU.US,CVE.US,
CCIXW.US,CVEO.US,
CCLD.US,CVI.US,
CCLDO.US,CVIIW.US,
CCLDP.US,CVNA.US,
CCNE.US,CVS.US,
CCNEP.US,CVX.US,
CCNR.US,CW.US,
CCOI.US,CWAN.US,
CCRN.US,CWEN-A.US,
CCSB.US,CWEN.US,
CCSI.US,CWH.US,
CCSO.US,CWK.US,
CCTG.US,CWT.US,
CCTSF.US,CX.US,
CDAQF.US,CXE.US,
CDAUF.US,CXH.US,
CDIO.US,CXM.US,
CDIOW.US,CXT.US,
CDLX.US,CXW.US,
CDMO.US,CYD.US,
CDNA.US,CYH.US,
CDNS.US,C_N.US,
CDRO.US,D.US,
CDROW.US,DAC.US,
CDT.US,DAL.US,
CDTG.US,DAN.US,
CDTTW.US,DAO.US,
CDTX.US,DAR.US,
CDW.US,DAVA.US,
CDXC.US,DAY.US,
CDXS.US,DB.US,
CDZI.US,DBD.US,
CDZIP.US,DBI.US,
CEAD.US,DBRG.US,
CECO.US,DBRG_H.US,
CEG.US,DBRG_I.US,
CELC.US,DBRG_J.US,
CELH.US,DCF.US,
CELU.US,DCI.US,
CELUW.US,DCO.US,
CELZ.US,DD.US,
CENN.US,DDD.US,
CENT.US,DDL.US,
CENTA.US,DDS.US,
CENX.US,DDT.US,
CEP.US,DE.US,
CERO.US,DEA.US,
CEROW.US,DEC.US,
CERS.US,DECK.US,
CERT.US,DECP.US,
CETU.US,DEI.US,
CETX.US,DELL.US,
CETY.US,DEO.US,
CEVA.US,DESP.US,
CFB.US,DEXC.US,
CFBK.US,DFH.US,
CFFI.US,DFIN.US,
CFFN.US,DFP.US,
CFFS.US,DFS.US,
CFFSU.US,DG.US,
CFLT.US,DGX.US,
CFSB.US,DHDG.US,
CG.US,DHF.US,
CGABL.US,DHI.US,
CGBD.US,DHR.US,
CGBDL.US,DHT.US,
CGBS.US,DHX.US,
CGBSW.US,DIAX.US,
CGC.US,DIN.US,
CGEM.US,DINO.US,
CGEN.US,DIPS.US,
CGNT.US,DIS.US,
CGNX.US,DK.US,
CGO.US,DKL.US,
CGON.US,DKS.US,
CGTL.US,DLB.US,
CGTX.US,DLNG.US,
CHARU.US,DLNG_A.US,
CHCI.US,DLNG_B.US,
CHCO.US,DLR.US,
CHDN.US,DLR_J.US,
CHEF.US,DLR_K.US,
CHEK.US,DLR_L.US,
CHI.US,DLX.US,
CHKP.US,DLY.US,
CHMG.US,DM.US,
CHNR.US,DMA.US,
CHPS.US,DMB.US,
CHR.US,DMO.US,
CHRD.US,DNA.US,
CHRS.US,DNB.US,
CHRW.US,DNMR.US,
CHSCL.US,DNOW.US,
CHSCM.US,DNP.US,
CHSCN.US,DO.US,
CHSCO.US,DOC.US,
CHSCP.US,DOCN.US,
CHSN.US,DOCS.US,
CHTR.US,DOLE.US,
CHUY.US,DOMA.US,
CHW.US,DOUG.US,
CHX.US,DOV.US,
CHY.US,DOW.US,
CIFR.US,DPG.US,
CIFRW.US,DPZ.US,
CIGI.US,DQ.US,
CINF.US,DRAG.US,
CING.US,DRAI.US,
CINGW.US,DRD.US,
CISO.US,DRH.US,
CISS.US,DRH_A.US,
CITE.US,DRI.US,
CIVB.US,DRQ.US,
CJET.US,DSL.US,
CJJD.US,DSM.US,
CKPT.US,DSU.US,
CLAR.US,DSX-WS.US,
CLBK.US,DSX.US,
CLBT.US,DSX_B.US,
CLDX.US,DT.US,
CLEU.US,DTAN.US,
CLFD.US,DTB.US,
CLGN.US,DTC.US,
CLIK.US,DTE.US,
CLIR.US,DTF.US,
CLLS.US,DTG.US,
CLMB.US,DTM.US,
CLMT.US,DTW.US,
CLNE.US,DUK.US,
CLNN.US,DUKB.US,
CLNNW.US,DUKQ.US,
CLOA.US,DUKZ.US,
CLOD.US,DUK_A.US,
CLOE.US,DULL.US,
CLOER.US,DV.US,
CLOV.US,DVA.US,
CLPS.US,DVN.US,
CLPT.US,DX.US,
CLRB.US,DXC.US,
CLRC.US,DXIV.US,
CLRCR.US,DXUV.US,
CLRO.US,DXYZ.US,
CLSD.US,DX_C.US,
CLSK.US,DY.US,
CLSKW.US,E.US,
CLSM.US,EAF.US,
CLST.US,EAI.US,
CLWT.US,EARN.US,
CLYM.US,EAT.US,
CMAX.US,EB.US,
CMAXW.US,EBF.US,
CMBM.US,EBIT.US,
CMCO.US,EBR-B.US,
CMCSA.US,EBR.US,
CMCT.US,EBS.US,
CME.US,EBUF.US,
CMLS.US,EC.US,
CMMB.US,ECAT.US,
CMND.US,ECC.US,
CMPO.US,ECCC.US,
CMPOW.US,ECCF.US,
CMPR.US,ECCV.US,
CMPS.US,ECCW.US,
CMPX.US,ECCX.US,
CMRX.US,ECC_D.US,
CMTL.US,ECG-W.US,
CNDT.US,ECG.US,
CNET.US,ECL.US,
CNEY.US,ECO.US,
CNFR.US,ECVT.US,
CNFRZ.US,ED.US,
CNOB.US,EDD.US,
CNOBP.US,EDF.US,
CNSL.US,EDGF.US,
CNSP.US,EDGH.US,
CNTA.US,EDGI.US,
CNTB.US,EDGU.US,
CNTM.US,EDN.US,
CNTX.US,EDR.US,
CNTY.US,EDU.US,
CNVS.US,EE.US,
CNXC.US,EEA.US,
CNXN.US,EEX.US,
COCH.US,EFAA.US,
COCHW.US,EFC.US,
COCO.US,EFC_A.US,
COCP.US,EFC_B.US,
CODA.US,EFC_C.US,
CODX.US,EFC_D.US,
COEP.US,EFC_E.US,
COEPW.US,EFR.US,
COFS.US,EFT.US,
COGT.US,EFX.US,
COHU.US,EFXT.US,
COIN.US,EG.US,
COKE.US,EGF.US,
COLB.US,EGO.US,
COLL.US,EGP.US,
COLM.US,EGY.US,
COMM.US,EHAB.US,
CONI.US,EHC.US,
CONL.US,EHI-R.US,
COO.US,EHI.US,
COOP.US,EHIR-W.US,
COOT.US,EIC.US,
COOTW.US,EICA.US,
COPJ.US,EICB.US,
COPP.US,EICC.US,
CORT.US,EIG.US,
CORZ.US,EIIA.US,
CORZW.US,EIPI.US,
CORZZ.US,EIX.US,
COSM.US,EL.US,
COST.US,ELAN.US,
COWG.US,ELC.US,
COWS.US,ELCV.US,
COYA.US,ELF.US,
CPB.US,ELME.US,
CPBI.US,ELP.US,
CPHC.US,ELPC.US,
CPIX.US,ELS.US,
CPLP.US,ELV.US,
CPLS.US,EMD.US,
CPOP.US,EME.US,
CPRT.US,EMF.US,
CPRX.US,EMN.US,
CPSH.US,EMO.US,
CPSS.US,EMOT.US,
CPTN.US,EMP.US,
CPTNW.US,EMR.US,
CPZ.US,ENB.US,
CRAI.US,ENFN.US,
CRBP.US,ENIC.US,
CRBU.US,ENJ.US,
CRCT.US,ENLC.US,
CRDF.US,ENO.US,
CRDL.US,ENOV.US,
CRDO.US,ENR.US,
CREG.US,ENS.US,
CRESW.US,ENV.US,
CRESY.US,ENVA.US,
CREV.US,ENZ.US,
CREVW.US,EOD.US,
CREX.US,EOG.US,
CRGO.US,EOI.US,
CRGX.US,EOS.US,
CRIS.US,EOT.US,
CRKN.US,EPAC.US,
CRMD.US,EPAM.US,
CRML.US,EPC.US,
CRMLW.US,EPD.US,
CRMT.US,EPR.US,
CRNC.US,EPRT.US,
CRNT.US,EPR_C.US,
CRNX.US,EPR_E.US,
CRON.US,EPR_G.US,
CROX.US,EP_C.US,
CRSP.US,EQBK.US,
CRSR.US,EQC.US,
CRTO.US,EQC_D.US,
CRUS.US,EQH.US,
CRVL.US,EQH_A.US,
CRVO.US,EQH_C.US,
CRVS.US,EQIN.US,
CRWD.US,EQLT.US,
CRWL.US,EQNR.US,
CRWS.US,EQR.US,
CSBR.US,EQS.US,
CSCI.US,EQT.US,
CSCO.US,EQV-U.US,
CSGP.US,EQV-WS.US,
CSGS.US,EQV.US,
CSIQ.US,ERJ.US,
CSLM.US,ERO.US,
CSLMR.US,ES.US,
CSLMU.US,ESAB.US,
CSLR.US,ESBA.US,
CSLRW.US,ESE.US,
CSPI.US,ESGX.US,
CSQ.US,ESI.US,
CSTE.US,ESNT.US,
CSTL.US,ESRT.US,
CSWC.US,ESS.US,
CSWCZ.US,ESTC.US,
CSWI.US,ET.US,
CSX.US,ETB.US,
CTAS.US,ETD.US,
CTBI.US,ETG.US,
CTCX.US,ETH.US,
CTCXW.US,ETHD.US,
CTHR.US,ETHE.US,
CTKB.US,ETHT.US,
CTLP.US,ETHU.US,
CTMX.US,ETHV.US,
CTNM.US,ETHW.US,
CTNT.US,ETI_.US,
CTOR.US,ETJ.US,
CTRM.US,ETN.US,
CTRN.US,ETO.US,
CTSH.US,ETQ.US,
CTSO.US,ETR.US,
CTSUF.US,ETU.US,
CTXR.US,ETV.US,
CUB.US,ETW.US,
CUBA.US,ETWO-WS.US,
CUBWU.US,ETWO.US,
CUBWW.US,ETX.US,
CUE.US,ETY.US,
CURI.US,ET_I.US,
CURIW.US,EUAD.US,
CUTR.US,EVC.US,
CVAC.US,EVEX-WS.US,
CVBF.US,EVEX.US,
CVCO.US,EVF.US,
CVGI.US,EVG.US,
CVGW.US,EVH.US,
CVII.US,EVLU.US,
CVIIU.US,EVN.US,
CVKD.US,EVR.US,
CVLG.US,EVRI.US,
CVLT.US,EVT.US,
CVRX.US,EVTC.US,
CVV.US,EVTL-WS.US,
CWBC.US,EVTL.US,
CWCO.US,EW.US,
CWD.US,EXG.US,
CWST.US,EXK.US,
CXAI.US,EXP.US,
CXAIW.US,EXPD.US,
CXDO.US,EXR.US,
CYBR.US,EXTO.US,
CYCC.US,EZET.US,
CYCCP.US,F.US,
CYCN.US,FAF.US,
CYN.US,FAI.US,
CYRX.US,FBIN.US,
CYTH.US,FBK.US,
CYTK.US,FBMS.US,
CYTO.US,FBP.US,
CZAR.US,FBRT.US,
CZFS.US,FBRT_E.US,
CZNC.US,FBUF.US,
CZR.US,FC.US,
CZWI.US,FCF.US,
DADA.US,FCN.US,
DAIO.US,FCPT.US,
DAKT.US,FCRX.US,
DALN.US,FCX.US,
DARE.US,FDP.US,
DASH.US,FDS.US,
DATS.US,FDX.US,
DATSW.US,FE.US,
DAVE.US,FEAC.US,
DAVEW.US,FEDU.US,
DAWN.US,FEMR.US,
DBGI.US,FENG.US,
DBVT.US,FERG.US,
DBX.US,FET.US,
DCAP.US,FETH.US,
DCBO.US,FF.US,
DCGO.US,FFDI.US,
DCOM.US,FFEM.US,
DCOMG.US,FFGX.US,
DCOMP.US,FFWM.US,
DCTH.US,FG.US,
DDI.US,FGN.US,
DDOG.US,FHDG.US,
DECA.US,FHEQ.US,
DECAU.US,FHI.US,
DECO.US,FHN.US,
DENN.US,FHN_B.US,
DERM.US,FHN_C.US,
DEVS.US,FHN_E.US,
DFGP.US,FHN_F.US,
DFGX.US,FI.US,
DFLI.US,FIAT.US,
DFLIW.US,FICO.US,
DGCB.US,FIGS.US,
DGHI.US,FIHL.US,
DGICA.US,FINS.US,
DGICB.US,FINV.US,
DGII.US,FIRI.US,
DGLY.US,FIRS.US,
DH.US,FIS.US,
DHAI.US,FISK.US,
DHAIW.US,FIX.US,
DHC.US,FL.US,
DHCNI.US,FLC.US,
DHCNL.US,FLCC.US,
DHIL.US,FLCG.US,
DIBS.US,FLCV.US,
DIOD.US,FLG.US,
DIST.US,FLG_A.US,
DISTR.US,FLG_U.US,
DISTW.US,FLNG.US,
DIVD.US,FLO.US,
DJCO.US,FLR.US,
DJT.US,FLS.US,
DJTWW.US,FLUT.US,
DKNG.US,FLXR.US,
DLHC.US,FLYD.US,
DLO.US,FLYU.US,
DLPN.US,FMC.US,
DLTH.US,FMCE.US,
DLTR.US,FMN.US,
DMAC.US,FMS.US,
DMAT.US,FMX.US,
DMLP.US,FN.US,
DMN.US,FNA.US,
DMRC.US,FNB.US,
DNLI.US,FND.US,
DNTH.US,FNF.US,
DNUT.US,FNV.US,
DOCU.US,FOA.US,
DOGZ.US,FOF.US,
DOMH.US,FOR.US,
DOMO.US,FOUR.US,
DOOO.US,FPAS.US,
DORM.US,FPH.US,
DOX.US,FPI.US,
DOYU.US,FR.US,
DPCS.US,FRA.US,
DPCSU.US,FREY-WS.US,
DPRO.US,FREY.US,
DRCT.US,FRGE.US,
DRIO.US,FRO.US,
DRMA.US,FRT.US,
DRMAW.US,FRT_C.US,
DRRX.US,FSCC.US,
DRS.US,FSCO.US,
DRTS.US,FSK.US,
DRTSW.US,FSLY.US,
DRUG.US,FSM.US,
DRVN.US,FSS.US,
DSGN.US,FT.US,
DSGR.US,FTCE.US,
DSGX.US,FTHY.US,
DSP.US,FTI.US,
DSWL.US,FTK.US,
DSY.US,FTS.US,
DSYWW.US,FTV.US,
DTCK.US,FUBO.US,
DTCR.US,FUL.US,
DTI.US,FUN.US,
DTIL.US,FVR.US,
DTSQ.US,FVRR.US,
DTSQR.US,FYEE.US,
DTSQU.US,F_B.US,
DTSS.US,F_C.US,
DTST.US,F_D.US,
DTSTW.US,G.US,
DUET.US,GAB.US,
DUETU.US,GAB_G.US,
DUKH.US,GAB_H.US,
DUKX.US,GAB_K.US,
DUO.US,GAEM.US,
DUOL.US,GAM.US,
DUOT.US,GAM_B.US,
DVAL.US,GAP.US,
DVAX.US,GARP.US,
DWSN.US,GATO.US,
DWTX.US,GATX.US,
DXCM.US,GB-WS.US,
DXLG.US,GB.US,
DXPE.US,GBAB.US,
DXR.US,GBCI.US,
DXYN.US,GBLI.US,
DYAI.US,GBTG.US,
DYCQ.US,GBX.US,
DYCQR.US,GCAL.US,
DYCQU.US,GCI.US,
DYFI.US,GCO.US,
DYN.US,GCTS-WS.US,
DYNI.US,GCTS.US,
DYNXU.US,GCV.US,
DYTA.US,GD.US,
DZSI.US,GDDY.US,
EA.US,GDL.US,
EAST.US,GDL_C.US,
EBAY.US,GDO.US,
EBC.US,GDOT.US,
EBMT.US,GDV.US,
EBON.US,GDV_H.US,
EBTC.US,GDV_K.US,
ECBK.US,GDXY.US,
ECDA.US,GE.US,
ECDAW.US,GEF-B.US,
ECOR.US,GEF.US,
ECPG.US,GEL.US,
ECX.US,GENI.US,
ECXWW.US,GENM.US,
EDAP.US,GENT.US,
EDBL.US,GEO.US,
EDBLW.US,GES.US,
EDIT.US,GETY.US,
EDRY.US,GEV.US,
EDSA.US,GF.US,
EDTK.US,GFF.US,
EDUC.US,GFI.US,
EEFT.US,GFL.US,
EEIQ.US,GFR.US,
EFOI.US,GGB.US,
EFRA.US,GGG.US,
EFSC.US,GGT.US,
EFSCP.US,GGT_E.US,
EGAN.US,GGT_G.US,
EGBN.US,GGZ.US,
EGHT.US,GHC.US,
EGRX.US,GHG.US,
EH.US,GHLD.US,
EHGO.US,GHM.US,
EHLS.US,GHY.US,
EHTH.US,GIAX.US,
EJH.US,GIB.US,
EKG.US,GIC.US,
EKSO.US,GIL.US,
ELAB.US,GIS.US,
ELBM.US,GJH.US,
ELDN.US,GJO.US,
ELEV.US,GJP.US,
ELPW.US,GJR.US,
ELSE.US,GJS.US,
ELTK.US,GJT.US,
ELTX.US,GKOS.US,
ELUT.US,GL.US,
ELVA.US,GLBL.US,
ELVN.US,GLOB.US,
ELWS.US,GLOP_A.US,
ELYM.US,GLOP_B.US,
EM.US,GLOP_C.US,
EMBC.US,GLP.US,
EMCG.US,GLP_B.US,
EMCGR.US,GLW.US,
EMCGU.US,GL_D.US,
EMEQ.US,GM.US,
EMKR.US,GME.US,
EML.US,GMED.US,
ENG.US,GMMA.US,
ENGN.US,GMNY.US,
ENGNW.US,GMRE.US,
ENLT.US,GMRE_A.US,
ENLV.US,GMS.US,
ENPH.US,GMUB.US,
ENSC.US,GNE.US,
ENSG.US,GNK.US,
ENTA.US,GNL.US,
ENTG.US,GNL_A.US,
ENTO.US,GNL_B.US,
ENTR.US,GNL_D.US,
ENTX.US,GNL_E.US,
ENVB.US,GNRC.US,
ENVX.US,GNT.US,
EOLS.US,GNTY.US,
EOSE.US,GNT_A.US,
EOSEW.US,GNW.US,
EPIX.US,GOLD.US,
EPOW.US,GOLF.US,
EPRX.US,GOOS.US,
EPSN.US,GOTU.US,
EQ.US,GPC.US,
EQIX.US,GPI.US,
ERAS.US,GPJA.US,
ERET.US,GPK.US,
ERIC.US,GPMT.US,
ERIE.US,GPMT_A.US,
ERII.US,GPN.US,
ERNA.US,GPOR.US,
ERNZ.US,GPRK.US,
ESCA.US,GPS.US,
ESEA.US,GRAF-U.US,
ESGL.US,GRBK.US,
ESGLW.US,GRBK_A.US,
ESGR.US,GRC.US,
ESGRO.US,GRDN.US,
ESGRP.US,GRMN.US,
ESHA.US,GRND-WS.US,
ESHAR.US,GRND.US,
ESLA.US,GRNT.US,
ESLAW.US,GRNY.US,
ESLT.US,GRO.US,
ESMV.US,GROV.US,
ESN.US,GRP-U.US,
ESOA.US,GRW.US,
ESPR.US,GRX.US,
ESQ.US,GS.US,
ESSA.US,GSBD.US,
ESTA.US,GSK.US,
ETEC.US,GSL.US,
ETHA.US,GSL_B.US,
ETNB.US,GS_A.US,
ETON.US,GS_C.US,
ETSY.US,GS_D.US,
EU.US,GTES.US,
EUDA.US,GTLS.US,
EURK.US,GTLS_B.US,
EURKR.US,GTN-A.US,
EURKU.US,GTN.US,
EVAX.US,GTY.US,
EVCM.US,GUG.US,
EVER.US,GUMI.US,
EVGN.US,GUNZ.US,
EVGO.US,GUT-R.US,
EVGOW.US,GUT.US,
EVGR.US,GUTR-W.US,
EVGRU.US,GUT_C.US,
EVLV.US,GVA.US,
EVLVW.US,GWH-WS.US,
EVMT.US,GWH.US,
EVO.US,GWRE.US,
EVOK.US,GWW.US,
EVRG.US,GXO.US,
EVSD.US,H.US,
EVTV.US,HAE.US,
EWBC.US,HAFN.US,
EWCZ.US,HAL.US,
EWTX.US,HASI.US,
EXAI.US,HAYW.US,
EXAS.US,HBB.US,
EXC.US,HBI.US,
EXE.US,HBM.US,
EXEEL.US,HCA.US,
EXEEW.US,HCC.US,
EXEEZ.US,HCI.US,
EXEL.US,HCXY.US,
EXFY.US,HD.US,
EXLS.US,HDB.US,
EXPE.US,HE.US,
EXPI.US,HEI-A.US,
EXPO.US,HEI.US,
EXTR.US,HEQ.US,
EYE.US,HES.US,
EYEG.US,HESM.US,
EYEN.US,HFRO.US,
EYPT.US,HFRO_A.US,
EZFL.US,HG.US,
EZGO.US,HGLB.US,
EZPW.US,HGTY.US,
FA.US,HGV.US,
FAAS.US,HHH.US,
FAASW.US,HI.US,
FAMI.US,HIDE.US,
FANG.US,HIG.US,
FARM.US,HIG_G.US,
FARO.US,HII.US,
FAST.US,HIMS.US,
FAT.US,HIO.US,
FATBB.US,HIPO.US,
FATBP.US,HIW.US,
FATBW.US,HIX.US,
FATE.US,HJUL.US,
FBIO.US,HKD.US,
FBIOP.US,HL.US,
FBIZ.US,HLF.US,
FBL.US,HLI.US,
FBLA.US,HLIO.US,
FBLG.US,HLLY-WS.US,
FBNC.US,HLLY.US,
FBOT.US,HLN.US,
FBRX.US,HLT.US,
FBYD.US,HLX.US,
FBYDW.US,HL_B.US,
FCAP.US,HMC.US,
FCBC.US,HMN.US,
FCCO.US,HMY.US,
FCEL.US,HNI.US,
FCFS.US,HOG.US,
FCHL.US,HOMB.US,
FCNCA.US,HOUS.US,
FCNCO.US,HOV.US,
FCNCP.US,HP.US,
FCTE.US,HPE.US,
FCUV.US,HPE_C.US,
FDBC.US,HPF.US,
FDCF.US,HPI.US,
FDFF.US,HPP.US,
FDIF.US,HPP_C.US,
FDIG.US,HPQ.US,
FDIV.US,HQH.US,
FDMT.US,HQL.US,
FDSB.US,HR.US,
FDTX.US,HRB.US,
FDUS.US,HRI.US,
FEAM.US,HRL.US,
FEBO.US,HRTG.US,
FEIM.US,HSBC.US,
FELE.US,HSBH.US,
FEMY.US,HSHP.US,
FENC.US,HSY.US,
FEPI.US,HTD.US,
FER.US,HTFB.US,
FFBC.US,HTFC.US,
FFIC.US,HTGC.US,
FFIE.US,HTH.US,
FFIEW.US,HUBB.US,
FFIN.US,HUBS.US,
FFIV.US,HUM.US,
FFNW.US,HUN.US,
FGBI.US,HUYA.US,
FGBIP.US,HVT-A.US,
FGEN.US,HVT.US,
FGF.US,HWM.US,
FGFPP.US,HXL.US,
FGI.US,HY.US,
FGL.US,HYAC-U.US,
FHB.US,HYAC-WS.US,
FHTX.US,HYAC.US,
FIACU.US,HYB.US,
FIBK.US,HYBX.US,
FINE.US,HYI.US,
FINW.US,HYLN.US,
FIP.US,HYSD.US,
FISI.US,HYT.US,
FITB.US,HZO.US,
FITBI.US,IAE.US,
FITBO.US,IAG.US,
FITBP.US,IAUG.US,
FIVE.US,IBDZ.US,
FIVN.US,IBHK.US,
FIXT.US,IBIK.US,
FIZZ.US,IBM.US,
FKWL.US,IBMS.US,
FLD.US,IBN.US,
FLDB.US,IBP.US,
FLDDU.US,IBTA.US,
FLDDW.US,IBUF.US,
FLEX.US,ICE.US,
FLGC.US,ICL.US,
FLGT.US,ICR_A.US,
FLIC.US,IDA.US,
FLL.US,IDE.US,
FLNC.US,IDT.US,
FLNT.US,IEX.US,
FLUX.US,IFF.US,
FLWS.US,IFN.US,
FLX.US,IFS.US,
FLXS.US,IGA.US,
FLYE.US,IGCB.US,
FLYW.US,IGD.US,
FMAO.US,IGI.US,
FMBH.US,IGR.US,
FMED.US,IGT.US,
FMET.US,IH.US,
FMNB.US,IHD.US,
FMST.US,IHG.US,
FMSTW.US,IHS.US,
FNGR.US,IHTA.US,
FNKO.US,IIF.US,
FNLC.US,IIIN.US,
FNVT.US,IIM.US,
FNVTU.US,IIPR.US,
FNWB.US,IIPR_A.US,
FNWD.US,IJUN.US,
FOLD.US,ILOW.US,
FONR.US,IMAX.US,
FORA.US,IMAY.US,
FORD.US,INCE.US,
FORL.US,INEQ.US,
FORLU.US,INFA.US,
FORLW.US,INFO.US,
FORM.US,INFY.US,
FORR.US,ING.US,
FORTY.US,INGM.US,
FOSL.US,INGR.US,
FOSLL.US,INN.US,
FOX.US,INN_E.US,
FOXA.US,INN_F.US,
FOXF.US,INSI.US,
FOXX.US,INSP.US,
FOXXW.US,INST.US,
FPAY.US,INSW.US,
FRAF.US,INVH.US,
FRBA.US,INVX.US,
FREE.US,IONQ-WS.US,
FRES.US,IONQ.US,
FRGT.US,IOT.US,
FRHC.US,IP.US,
FRLA.US,IPAV.US,
FRLAU.US,IPG.US,
FRME.US,IPI.US,
FRMEP.US,IQI.US,
FROG.US,IQV.US,
FRPH.US,IR.US,
FRPT.US,IRM.US,
FRSH.US,IRS-WS.US,
FRST.US,IRS.US,
FRSX.US,IRT.US,
FRZA.US,ISD.US,
FSBC.US,IT.US,
FSBW.US,ITGR.US,
FSCS.US,ITT.US,
FSEA.US,ITUB.US,
FSFG.US,ITW.US,
FSHP.US,ITWO.US,
FSHPR.US,IVR.US,
FSHPU.US,IVR_B.US,
FSLR.US,IVR_C.US,
FSTR.US,IVT.US,
FSUN.US,IVZ.US,
FSV.US,IWMI.US,
FTAI.US,IX.US,
FTAIM.US,J-W.US,
FTAIN.US,J.US,
FTAIO.US,JADE.US,
FTAIP.US,JAJL.US,
FTCI.US,JBGS.US,
FTDR.US,JBI.US,
FTDS.US,JBK.US,
FTEK.US,JBL.US,
FTEL.US,JBT.US,
FTFT.US,JCE.US,
FTGS.US,JCI.US,
FTHM.US,JDIV.US,
FTII.US,JEF.US,
FTIIU.US,JELD.US,
FTLF.US,JEMB.US,
FTNT.US,JEQ.US,
FTQI.US,JETD.US,
FTRE.US,JETU.US,
FUFU.US,JFR.US,
FUFUW.US,JGH.US,
FULC.US,JGRW.US,
FULT.US,JHG.US,
FULTP.US,JHHY.US,
FUNC.US,JHI.US,
FUND.US,JHS.US,
FUSB.US,JHX.US,
FUTU.US,JIII.US,
FVCB.US,JILL.US,
FVN.US,JKS.US,
FVNNR.US,JLL.US,
FVNNU.US,JLQD.US,
FWONA.US,JLS.US,
FWONK.US,JMIA.US,
FWRD.US,JMM.US,
FWRG.US,JNEU.US,
FXNC.US,JNJ.US,
FYBR.US,JNPR.US,
GABC.US,JOBY-WS.US,
GAIA.US,JOBY.US,
GAIN.US,JOE.US,
GAINL.US,JOF.US,
GAINN.US,JPC.US,
GAINZ.US,JPM.US,
GALT.US,JPM_C.US,
GAMB.US,JPM_D.US,
GAMC.US,JPM_J.US,
GAME.US,JPM_K.US,
GAN.US,JPM_L.US,
GANX.US,JPM_M.US,
GASS.US,JQC.US,
GATE.US,JRI.US,
GATEU.US,JRS.US,
GAUZ.US,JULM.US,
GBBK.US,JULP.US,
GBBKR.US,JULU.US,
GBDC.US,JUNM.US,
GBIO.US,JUNP.US,
GBNY.US,JWN.US,
GCBC.US,JWSM-U.US,
GCMG.US,JXN.US,
GCMGW.US,JXN_A.US,
GCT.US,K.US,
GCTK.US,KAI.US,
GDC.US,KAR.US,
GDEN.US,KAUG.US,
GDEV.US,KB.US,
GDHG.US,KBDC.US,
GDRX.US,KBH.US,
GDS.US,KBR.US,
GDST.US,KCAI.US,
GDSTR.US,KCGI-U.US,
GDSTU.US,KCGI.US,
GDTC.US,KCSH.US,
GDYN.US,KD.US,
GECC.US,KEN.US,
GECCH.US,KEP.US,
GECCI.US,KEX.US,
GECCO.US,KEY.US,
GECCZ.US,KEYS.US,
GEG.US,KEY_I.US,
GEGGL.US,KEY_J.US,
GEHC.US,KEY_K.US,
GELS.US,KEY_L.US,
GEN.US,KF.US,
GENE.US,KFRC.US,
GENK.US,KFS.US,
GEOS.US,KFY.US,
GERN.US,KGC.US,
GEVO.US,KGS.US,
GFAI.US,KHPI.US,
GFAIW.US,KIM.US,
GFGF.US,KIM_L.US,
GFS.US,KIM_M.US,
GGAL.US,KIM_N.US,
GGLL.US,KIND.US,
GGLS.US,KIO.US,
GGR.US,KJUN.US,
GGROW.US,KKR.US,
GH.US,KKRS.US,
GHI.US,KLC.US,
GHIX.US,KLG.US,
GHIXU.US,KLMT.US,
GHIXW.US,KMB.US,
GHRS.US,KMI.US,
GHSI.US,KMID.US,
GIFI.US,KMPB.US,
GIFT.US,KMPR.US,
GIG.US,KMT.US,
GIGGU.US,KMX.US,
GIGGW.US,KN.US,
GIGM.US,KNF.US,
GIII.US,KNO.US,
GILD.US,KNOP.US,
GILT.US,KNOV.US,
GINX.US,KNSL.US,
GIPR.US,KNTK.US,
GLAC.US,KNX.US,
GLACR.US,KO.US,
GLACU.US,KODK.US,
GLAD.US,KOF.US,
GLADZ.US,KONG.US,
GLBE.US,KOP.US,
GLBS.US,KORE.US,
GLBZ.US,KOS.US,
GLDD.US,KR.US,
GLE.US,KRC.US,
GLLI.US,KREF.US,
GLLIR.US,KREF_A.US,
GLLIU.US,KRG.US,
GLMD.US,KRO.US,
GLNG.US,KRP.US,
GLOW.US,KSEP.US,
GLPG.US,KSM.US,
GLPI.US,KSPY.US,
GLRE.US,KSS.US,
GLSI.US,KT.US,
GLST.US,KTB.US,
GLSTR.US,KTF.US,
GLSTU.US,KTH.US,
GLTO.US,KTN.US,
GLUE.US,KUKE.US,
GLXG.US,KVUE.US,
GLYC.US,KVYO.US,
GMAB.US,KW.US,
GMGI.US,KWR.US,
GMM.US,KYN.US,
GNFT.US,L.US,
GNLN.US,LAAC.US,
GNLX.US,LAC.US,
GNPX.US,LAD.US,
GNSS.US,LADR.US,
GNTA.US,LANV.US,
GNTX.US,LAW.US,
GO.US,LAZ.US,
GOCO.US,LB.US,
GODN.US,LBRT.US,
GODNR.US,LC.US,
GODNU.US,LCII.US,
GOEV.US,LCW-U.US,
GOEVW.US,LDI.US,
GOGL.US,LDOS.US,
GOGO.US,LDP.US,
GOOD.US,LDRC.US,
GOODN.US,LDRH.US,
GOODO.US,LDRI.US,
GOOG.US,LDRT.US,
GOOGL.US,LEA.US,
GORV.US,LEG.US,
GOSS.US,LEN-B.US,
GOVI.US,LEN.US,
GOVX.US,LEO.US,
GOVXW.US,LEV-WS.US,
GP.US,LEV.US,
GPAK.US,LEVI.US,
GPAT.US,LFAE.US,
GPATU.US,LFAF.US,
GPATW.US,LFAI.US,
GPCR.US,LFAJ.US,
GPIQ.US,LFAK.US,
GPIX.US,LFAL.US,
GPRE.US,LFAN.US,
GPRF.US,LFAO.US,
GPRO.US,LFAQ.US,
GQQQ.US,LFAR.US,
GRAB.US,LFAU.US,
GRABW.US,LFAV.US,
GRAL.US,LFAW.US,
GRCE.US,LFAX.US,
GRDI.US,LFAZ.US,
GRDIW.US,LFBB.US,
GREE.US,LFT.US,
GREEL.US,LFT_A.US,
GRFS.US,LGF-A.US,
GRI.US,LGF-B.US,
GRIN.US,LGI.US,
GRNQ.US,LH.US,
GROM.US,LHX.US,
GROW.US,LIAB.US,
GRPN.US,LIAC.US,
GRRR.US,LIAE.US,
GRRRW.US,LIAG.US,
GRVY.US,LIAK.US,
GRWG.US,LIAM.US,
GRYP.US,LIAO.US,
GSBC.US,LIAP.US,
GSHD.US,LIAQ.US,
GSIB.US,LIAT.US,
GSIT.US,LIAX.US,
GSIW.US,LICY.US,
GSM.US,LII.US,
GSMGW.US,LIMI.US,
GSRTU.US,LIN.US,
GSUN.US,LITB.US,
GT.US,LJUL.US,
GTAC.US,LL.US,
GTACU.US,LLAP.US,
GTBP.US,LLDR.US,
GTEC.US,LLY.US,
GTHX.US,LLYX.US,
GTI.US,LMBO.US,
GTIM.US,LMND.US,
GTLB.US,LMT.US,
GTR.US,LNC.US,
GTX.US,LNC_D.US,
GURE.US,LND.US,
GUTS.US,LNN.US,
GV.US,LOAR.US,
GVH.US,LOB.US,
GVP.US,LOCL.US,
GWAV.US,LOMA.US,
GWRS.US,LOW.US,
GXAI.US,LPG.US,
GYRE.US,LPL.US,
GYRO.US,LPX.US,
HA.US,LRGG.US,
HAFC.US,LRN.US,
HAIA.US,LSPD.US,
HAIAU.US,LTC.US,
HAIN.US,LTH.US,
HALO.US,LTM.US,
HAO.US,LU.US,
HAS.US,LUMN.US,
HAYN.US,LUV.US,
HBAN.US,LVS.US,
HBANL.US,LVWR-WS.US,
HBANM.US,LVWR.US,
HBANP.US,LW.US,
HBCP.US,LXFR.US,
HBIO.US,LXP.US,
HBNC.US,LXP_C.US,
HBT.US,LXU.US,
HCAT.US,LYB.US,
HCKT.US,LYG.US,
HCM.US,LYLD.US,
HCOW.US,LYV.US,
HCP.US,LZB.US,
HCSG.US,LZM-WS.US,
HCTI.US,LZM.US,
HCVI.US,M.US,
HCVIU.US,MA.US,
HCVIW.US,MAA.US,
HCWB.US,MAA_I.US,
HDL.US,MAC.US,
HDSN.US,MADE.US,
HEAR.US,MAGN.US,
HECO.US,MAIN.US,
HEES.US,MAN.US,
HEJD.US,MANU.US,
HELE.US,MAS.US,
HEPA.US,MATV.US,
HEPS.US,MATX.US,
HFBL.US,MAV.US,
HFFG.US,MAX.US,
HFSP.US,MAXJ.US,
HFWA.US,MAYP.US,
HGBL.US,MAYU.US,
HHGC.US,MBC.US,
HHGCR.US,MBI.US,
HHS.US,MC.US,
HIFS.US,MCB.US,
HIHO.US,MCD.US,
HIMX.US,MCI.US,
HISF.US,MCK.US,
HITI.US,MCN.US,
HIVE.US,MCO.US,
HKIT.US,MCR.US,
HLIT.US,MCS.US,
HLMN.US,MCW.US,
HLNE.US,MCY.US,
HLP.US,MD.US,
HLVX.US,MDST.US,
HLXB.US,MDT.US,
HMNF.US,MDU-W.US,
HMST.US,MDU.US,
HNNA.US,MDV.US,
HNNAZ.US,MDV_A.US,
HNRG.US,MEC.US,
HNST.US,MED.US,
HNVR.US,MEG.US,
HOFT.US,MEGI.US,
HOFV.US,MEI.US,
HOFVW.US,MER_K.US,
HOLO.US,MET.US,
HOLOW.US,MET_A.US,
HOLX.US,MET_E.US,
HON.US,MET_F.US,
HOND.US,MFA.US,
HONDU.US,MFAN.US,
HONDW.US,MFAO.US,
HONE.US,MFA_B.US,
HOOD.US,MFA_C.US,
HOOK.US,MFC.US,
HOPE.US,MFG.US,
HOTH.US,MFM.US,
HOUR.US,MFUT.US,
HOVNP.US,MG.US,
HOVR.US,MGA.US,
HOVRW.US,MGF.US,
HOWL.US,MGM.US,
HPAI.US,MGR.US,
HPAIW.US,MGRB.US,
HPCO.US,MGRD.US,
HPH.US,MGRE.US,
HPK.US,MGY.US,
HPKEW.US,MHD.US,
HQGO.US,MHF.US,
HQI.US,MHI.US,
HQY.US,MHK.US,
HRMY.US,MHLA.US,
HROW.US,MHN.US,
HROWL.US,MHNC.US,
HROWM.US,MHO.US,
HRTS.US,MIN.US,
HRTX.US,MIO.US,
HRYU.US,MIR.US,
HRZN.US,MITN.US,
HSAI.US,MITP.US,
HSCS.US,MITT.US,
HSDT.US,MITT_A.US,
HSIC.US,MITT_B.US,
HSII.US,MITT_C.US,
HSON.US,MIY.US,
HSPO.US,MKC-V.US,
HSPOR.US,MKC.US,
HSPOU.US,MKFG.US,
HSPTU.US,MKL.US,
HST.US,ML-WS.US,
HSTM.US,ML.US,
HTBI.US,MLDR.US,
HTBK.US,MLI.US,
HTCO.US,MLM.US,
HTCR.US,MLNK.US,
HTHT.US,MLP.US,
HTIA.US,MLPD.US,
HTIBP.US,MLR.US,
HTLD.US,MMC.US,
HTLF.US,MMD.US,
HTLFP.US,MMI.US,
HTLM.US,MMKT.US,
HTOO.US,MMM.US,
HTOOW.US,MMS.US,
HTZ.US,MMT.US,
HTZWW.US,MMU.US,
HUBC.US,MNR.US,
HUBCW.US,MNSO.US,
HUBG.US,MNTN-U.US,
HUDI.US,MNTN-WS.US,
HUGE.US,MNTN.US,
HUHU.US,MO.US,
HUIZ.US,MOD.US,
HUMA.US,MODG.US,
HUMAW.US,MOG-A.US,
HURA.US,MOG-B.US,
HURC.US,MOGU.US,
HURN.US,MOH.US,
HUT.US,MOOD.US,
HWAY.US,MOS.US,
HWBK.US,MOV.US,
HWC.US,MP.US,
HWCPZ.US,MPA.US,
HWH.US,MPC.US,
HWKN.US,MPLN.US,
HYBI.US,MPLX.US,
HYDR.US,MPV.US,
HYFM.US,MPW.US,
HYMC.US,MPX.US,
HYMCL.US,MQT.US,
HYMCW.US,MQY.US,
HYPR.US,MRC.US,
HYZN.US,MRDB.US,
HYZNW.US,MRK.US,
IAC.US,MRO.US,
IART.US,MS.US,
IAS.US,MSA.US,
IBAC.US,MSB.US,
IBACR.US,MSC.US,
IBAT.US,MSCI.US,
IBBQ.US,MSD.US,
IBCP.US,MSDL.US,
IBEX.US,MSGE.US,
IBG.US,MSGS.US,
IBGA.US,MSI.US,
IBGK.US,MSM.US,
IBKR.US,MSTU.US,
IBOC.US,MSTZ.US,
IBOT.US,MS_A.US,
IBRX.US,MS_E.US,
IBTL.US,MS_F.US,
IBTM.US,MS_I.US,
IBTO.US,MS_K.US,
IBTP.US,MS_L.US,
IBTX.US,MS_O.US,
ICAD.US,MS_P.US,
ICCC.US,MS_Q.US,
ICCH.US,MT.US,
ICCM.US,MTAL.US,
ICCT.US,MTB.US,
ICFI.US,MTB_H.US,
ICG.US,MTB_J.US,
ICHR.US,MTD.US,
ICLK.US,MTDR.US,
ICLR.US,MTG.US,
ICMB.US,MTH.US,
ICON.US,MTN.US,
ICOP.US,MTR.US,
ICU.US,MTRN.US,
ICUCW.US,MTUS.US,
ICUI.US,MTW.US,
IDAI.US,MTX.US,
IDCC.US,MTZ.US,
IDN.US,MUA.US,
IDXX.US,MUC.US,
IDYA.US,MUE.US,
IEP.US,MUFG.US,
IESC.US,MUI.US,
IFBD.US,MUJ.US,
IFRX.US,MUR.US,
IGIC.US,MUSA.US,
IGMS.US,MUSE.US,
IGTA.US,MUX.US,
IGTAR.US,MVO.US,
IGTAU.US,MVT.US,
IGTAW.US,MWA.US,
IHRT.US,MX.US,
III.US,MXE.US,
IIIV.US,MXF.US,
IINN.US,MYD.US,
IINNW.US,MYE.US,
IKNA.US,MYI.US,
IKT.US,MYN.US,
ILAG.US,MYTE.US,
ILIT.US,NABL.US,
ILLR.US,NAC.US,
ILLRW.US,NAD.US,
ILMN.US,NAN.US,
ILPT.US,NAPA.US,
IMAB.US,NAT.US,
IMAQ.US,NATL.US,
IMCC.US,NAUG.US,
IMCR.US,NAZ.US,
IMG.US,NBB.US,
IMKTA.US,NBCR.US,
IMMP.US,NBET.US,
IMMR.US,NBFC.US,
IMMX.US,NBHC.US,
IMNM.US,NBJP.US,
IMNN.US,NBR.US,
IMOM.US,NBSD.US,
IMOS.US,NBXG.US,
IMPP.US,NC.US,
IMPPP.US,NCA.US,
IMRN.US,NCDL.US,
IMRX.US,NCLH.US,
IMTE.US,NCV.US,
IMTX.US,NCV_A.US,
IMTXW.US,NCZ.US,
IMUX.US,NCZ_A.US,
IMVT.US,NDMO.US,
IMXI.US,NDOW.US,
INAB.US,NDP.US,
INAQ.US,NE-WS-A.US,
INAQU.US,NE-WS.US,
INAQW.US,NE.US,
INBK.US,NEA.US,
INBKZ.US,NEE.US,
INBS.US,NEE_N.US,
INBX.US,NEE_R.US,
INCR.US,NEE_S.US,
INCY.US,NEE_T.US,
INDB.US,NEM.US,
INDH.US,NEP.US,
INDI.US,NET.US,
INDP.US,NEU.US,
INDV.US,NEUE.US,
INFN.US,NEXA.US,
INFR.US,NFG.US,
INGN.US,NFJ.US,
INHD.US,NFLU.US,
INKT.US,NGG.US,
INM.US,NGL.US,
INMB.US,NGL_B.US,
INMD.US,NGL_C.US,
INNV.US,NGS.US,
INO.US,NGVC.US,
INOD.US,NGVT.US,
INRO.US,NHI.US,
INSE.US,NI.US,
INSG.US,NIC.US,
INSM.US,NIE.US,
INTA.US,NIM.US,
INTC.US,NINE.US,
INTE.US,NIO.US,
INTEU.US,NITE.US,
INTG.US,NJNK.US,
INTJ.US,NJR.US,
INTR.US,NJUN.US,
INTS.US,NKE.US,
INTU.US,NKX.US,
INTZ.US,NL.US,
INV.US,NLOP.US,
INVA.US,NLY.US,
INVE.US,NLY_F.US,
INVO.US,NLY_G.US,
INVZ.US,NLY_I.US,
INVZW.US,NMAI.US,
INZY.US,NMB.US,
IOBT.US,NMCO.US,
IONR.US,NMG.US,
IONS.US,NMI.US,
IOSP.US,NMM.US,
IOVA.US,NMR.US,
IPA.US,NMS.US,
IPAR.US,NMT.US,
IPDN.US,NMZ.US,
IPGP.US,NNI.US,
IPHA.US,NNN.US,
IPSC.US,NNOV.US,
IPW.US,NNY.US,
IPWR.US,NOA.US,
IPX.US,NOAH.US,
IPXX.US,NOC.US,
IPXXU.US,NOG.US,
IPXXW.US,NOK.US,
IQ.US,NOM.US,
IQQQ.US,NOMD.US,
IRAA.US,NOTE-WS.US,
IRAAU.US,NOTE.US,
IRBT.US,NOV.US,
IRD.US,NOVA.US,
IRDM.US,NOVM.US,
IREN.US,NOVP.US,
IRIX.US,NOW.US,
IRMD.US,NPCT.US,
IROH.US,NPFD.US,
IROHR.US,NPK.US,
IROHU.US,NPO.US,
IROHW.US,NPV.US,
IRON.US,NPWR-WS.US,
IROQ.US,NPWR.US,
IRTC.US,NQP.US,
IRWD.US,NR.US,
ISPC.US,NRDY.US,
ISPO.US,NREF.US,
ISPOW.US,NREF_A.US,
ISPR.US,NRG.US,
ISRG.US,NRGV.US,
ISRL.US,NRK.US,
ISRLU.US,NRP.US,
ISRLW.US,NRT.US,
ISSC.US,NRUC.US,
ISTR.US,NSA.US,
ITCI.US,NSA_A.US,
ITI.US,NSA_B.US,
ITIC.US,NSC.US,
ITOS.US,NSEP.US,
ITRI.US,NSP.US,
ITRM.US,NTB.US,
ITRN.US,NTG.US,
IVA.US,NTR.US,
IVAC.US,NTST.US,
IVAL.US,NTZ.US,
IVCA.US,NU.US,
IVCAU.US,NUE.US,
IVCAW.US,NUS.US,
IVCB.US,NUV.US,
IVCP.US,NUVB.US,
IVCPU.US,NUW.US,
IVDA.US,NVBU.US,
IVEG.US,NVD.US,
IVP.US,NVGS.US,
IVVD.US,NVO.US,
IWTR.US,NVR.US,
IXAQF.US,NVRI.US,
IXHL.US,NVRO.US,
IXQUF.US,NVS.US,
IZEA.US,NVST.US,
IZM.US,NVT.US,
IZTC.US,NWG.US,
JACK.US,NWN.US,
JAGX.US,NX.US,
JAKK.US,NXC.US,
JAMF.US,NXDT.US,
JANX.US,NXDT_A.US,
JAZZ.US,NXE.US,
JBDI.US,NXG.US,
JBHT.US,NXJ.US,
JBLU.US,NXN.US,
JBSS.US,NXP.US,
JCSE.US,NXRT.US,
JCTC.US,NXTI.US,
JCTCF.US,NXTV.US,
JD.US,NYC.US,
JDOC.US,NYT.US,
JDZG.US,NZF.US,
JEPQ.US,O.US,
JEWL.US,OAK_A.US,
JFBR.US,OAK_B.US,
JFIN.US,OASC.US,
JFU.US,OBDC.US,
JG.US,OBDE.US,
JGLO.US,OBK.US,
JIVE.US,OC.US,
JJSF.US,OCFS.US,
JKHY.US,OCFT.US,
JL.US,OCTM.US,
JMID.US,OCTP.US,
JMSB.US,OCTU.US,
JNVR.US,ODC.US,
JOUT.US,ODV.US,
JPEF.US,OEC.US,
JRSH.US,OFG.US,
JRVR.US,OGCP.US,
JSM.US,OGE.US,
JSPR.US,OGN.US,
JSPRW.US,OGS.US,
JTAI.US,OGSP.US,
JTAIW.US,OHI.US,
JTAIZ.US,OI.US,
JTEK.US,OIA.US,
JUNE.US,OII.US,
JVA.US,OIS.US,
JVSA.US,OKE.US,
JVSAR.US,OKLO.US,
JVSAU.US,OLN.US,
JWEL.US,OLO.US,
JXJT.US,OLP.US,
JYD.US,OMC.US,
JYNT.US,OMF.US,
JZ.US,OMI.US,
JZXN.US,ONIT.US,
KACL.US,ONL.US,
KACLR.US,ONON.US,
KACLU.US,ONTF.US,
KALA.US,ONTO.US,
KALU.US,OOMA.US,
KALV.US,OOSP.US,
KANT.US,OPAD.US,
KARO.US,OPFI-WS.US,
KAVL.US,OPFI.US,
KC.US,OPP.US,
KDLY.US,OPP_A.US,
KDLYW.US,OPP_B.US,
KDP.US,OPY.US,
KE.US,OR.US,
KEAT.US,ORA.US,
KELYA.US,ORC.US,
KELYB.US,ORCL.US,
KEQU.US,ORI.US,
KFFB.US,ORN.US,
KGEI.US,OSCR.US,
KHC.US,OSK.US,
KIDS.US,OTIS.US,
KINS.US,OUST-WS.US,
KIRK.US,OUST.US,
KITT.US,OUT.US,
KITTW.US,OVV.US,
KLAC.US,OWL.US,
KLIC.US,OWLT.US,
KLTO.US,OXM.US,
KLTOW.US,OXY-WS.US,
KLTR.US,OXY.US,
KLXE.US,PAAS.US,
KMDA.US,PAC.US,
KNDI.US,PACK.US,
KNGZ.US,PACS.US,
KNSA.US,PAG.US,
KOD.US,PAGS.US,
KOPN.US,PAI.US,
KOSS.US,PAM.US,
KPLT.US,PAR.US,
KPLTW.US,PATH.US,
KPRX.US,PAXS.US,
KPTI.US,PAY.US,
KQQQ.US,PAYC.US,
KRKR.US,PB.US,
KRMD.US,PBA.US,
KRNT.US,PBAU.US,
KRNY.US,PBDE.US,
KRON.US,PBF.US,
KROP.US,PBFR.US,
KROS.US,PBH.US,
KRRO.US,PBI.US,
KRT.US,PBI_B.US,
KRUS.US,PBJL.US,
KRYS.US,PBJN.US,
KSCP.US,PBMY.US,
KSPI.US,PBNV.US,
KTCC.US,PBOC.US,
KTOS.US,PBR-A.US,
KTRA.US,PBR.US,
KTTA.US,PBSE.US,
KTTAW.US,PBT.US,
KURA.US,PCEM.US,
KVAC.US,PCF.US,
KVACU.US,PCG.US,
KVACW.US,PCK.US,
KVHI.US,PCM.US,
KWE.US,PCN.US,
KWESW.US,PCOR.US,
KXIN.US,PCQ.US,
KYMR.US,PD.US,
KYTX.US,PDCC.US,
KZIA.US,PDI.US,
KZR.US,PDM.US,
LAB.US,PDO.US,
LAES.US,PDS.US,
LAKE.US,PDT.US,
LAMR.US,PDX.US,
LANC.US,PEB.US,
LAND.US,PEB_E.US,
LANDM.US,PEB_F.US,
LANDO.US,PEB_G.US,
LANDP.US,PEB_H.US,
LARK.US,PEG.US,
LASE.US,PEN.US,
LASR.US,PERF.US,
LATG.US,PFD.US,
LATGU.US,PFE.US,
LAUR.US,PFGC.US,
LAZR.US,PFH.US,
LBGJ.US,PFL.US,
LBPH.US,PFLT.US,
LBRDA.US,PFN.US,
LBRDK.US,PFO.US,
LBRDP.US,PFS.US,
LBTYA.US,PFSI.US,
LBTYB.US,PG.US,
LBTYK.US,PGP.US,
LBYAV.US,PGR.US,
LCDS.US,PGRE.US,
LCFY.US,PGRU.US,
LCID.US,PGZ.US,
LCNB.US,PH.US,
LCUT.US,PHD.US,
LCW.US,PHG.US,
LDTC.US,PHI.US,
LDTCW.US,PHIN.US,
LDWY.US,PHK.US,
LE.US,PHM.US,
LECO.US,PHR.US,
LEDS.US,PHT.US,
LEE.US,PHX.US,
LEGH.US,PHYS.US,
LEGN.US,PHYT-U.US,
LENZ.US,PHYTF.US,
LESL.US,PIEQ.US,
LEXX.US,PII.US,
LEXXW.US,PIM.US,
LFCR.US,PINE.US,
LFLY.US,PINS.US,
LFLYW.US,PIPR.US,
LFMD.US,PJT.US,
LFMDP.US,PK.US,
LFSC.US,PKE.US,
LFST.US,PKG.US,
LFUS.US,PKST.US,
LFVN.US,PKX.US,
LFWD.US,PL-WS.US,
LGCB.US,PL.US,
LGCL.US,PLD.US,
LGHL.US,PLNT.US,
LGHLW.US,PLOW.US,
LGIH.US,PLTR.US,
LGMK.US,PLTY.US,
LGND.US,PLYM.US,
LGO.US,PM.US,
LGRO.US,PMF.US,
LGTY.US,PMIO.US,
LGVN.US,PML.US,
LI.US,PMM.US,
LICN.US,PMO.US,
LIDR.US,PMT.US,
LIDRW.US,PMTU.US,
LIEN.US,PMT_A.US,
LIF.US,PMT_B.US,
LIFW.US,PMT_C.US,
LIFWW.US,PMX.US,
LILA.US,PNC.US,
LILAK.US,PNF.US,
LILMF.US,PNI.US,
LILWF.US,PNM.US,
LINC.US,PNNT.US,
LIND.US,PNR.US,
LINE.US,PNST-WS.US,
LINK.US,PNST.US,
LION.US,PNW.US,
LIPO.US,POR.US,
LIQT.US,POST.US,
LITE.US,PPG.US,
LITM.US,PPL.US,
LITP.US,PPT.US,
LIVE.US,PR.US,
LIVN.US,PRA.US,
LIVR.US,PRG.US,
LIXT.US,PRGO.US,
LIXTW.US,PRH.US,
LKCO.US,PRI.US,
LKFN.US,PRIF_D.US,
LKQ.US,PRIF_F.US,
LLYVA.US,PRIF_G.US,
LLYVK.US,PRIF_H.US,
LMAT.US,PRIF_I.US,
LMB.US,PRIF_J.US,
LMFA.US,PRIF_K.US,
LMNR.US,PRIF_L.US,
LNKB.US,PRIM.US,
LNSR.US,PRKS.US,
LNT.US,PRLB.US,
LNTH.US,PRM.US,
LNW.US,PRMB.US,
LNZA.US,PRMW.US,
LNZAW.US,PRO.US,
LOAN.US,PRS.US,
LOBO.US,PRT.US,
LOCO.US,PRU.US,
LOGC.US,PSA.US,
LOGI.US,PSA_F.US,
LOOP.US,PSA_G.US,
LOPE.US,PSA_H.US,
LOT.US,PSA_I.US,
LOTWW.US,PSA_J.US,
LOVE.US,PSA_K.US,
LPAA.US,PSA_L.US,
LPAAU.US,PSA_M.US,
LPAAW.US,PSA_N.US,
LPBBU.US,PSA_O.US,
LPCN.US,PSA_P.US,
LPLA.US,PSA_Q.US,
LPRO.US,PSA_R.US,
LPSN.US,PSA_S.US,
LPTH.US,PSBD.US,
LPTX.US,PSEC_A.US,
LQDA.US,PSFE-WS.US,
LQDT.US,PSFE.US,
LQR.US,PSLV.US,
LRCX.US,PSN.US,
LRE.US,PSO.US,
LRFC.US,PSQA.US,
LRHC.US,PSQH-WS.US,
LRMR.US,PSQH.US,
LRND.US,PSQO.US,
LSAK.US,PSTG.US,
LSB.US,PSTL.US,
LSBK.US,PSX.US,
LSBPW.US,PTA.US,
LSCC.US,PUK.US,
LSEA.US,PUMP.US,
LSEAW.US,PUSH.US,
LSH.US,PVH.US,
LSTA.US,PVL.US,
LSTR.US,PWR.US,
LSXMA.US,PWSC.US,
LSXMB.US,PX.US,
LSXMK.US,PYN.US,
LTBR.US,PYT.US,
LTRN.US,PZC.US,
LTRX.US,QBER.US,
LTRY.US,QBTS-WS.US,
LTRYW.US,QBTS.US,
LUCD.US,QBUL.US,
LUCY.US,QCAP.US,
LULU.US,QCJL.US,
LUMO.US,QCOC.US,
LUNA.US,QD.US,
LUNG.US,QDCC.US,
LUNR.US,QDVO.US,
LUNRW.US,QETH.US,
LUXH.US,QGEN.US,
LUXHP.US,QMAG.US,
LVLU.US,QMMY.US,
LVO.US,QMNV.US,
LVRO.US,QS.US,
LVROW.US,QSR.US,
LVTX.US,QTWO.US,
LWAY.US,QUAD.US,
LWLG.US,QVCC.US,
LX.US,QVCD.US,
LXEH.US,R.US,
LXEO.US,RA.US,
LXRX.US,RACE.US,
LYEL.US,RAMP.US,
LYFT.US,RBA.US,
LYRA.US,RBC.US,
LYT.US,RBLX.US,
LYTS.US,RBOT-WS.US,
LZ.US,RBOT.US,
MACA.US,RBRK.US,
MACI.US,RBUF.US,
MACIU.US,RC.US,
MACIW.US,RCB.US,
MAGQ.US,RCC.US,
MAGS.US,RCFA-U.US,
MAGX.US,RCFA.US,
MAMA.US,RCI.US,
MAMO.US,RCL.US,
MANH.US,RCS.US,
MAPS.US,RCUS.US,
MAPSW.US,RC_C.US,
MAQC.US,RC_E.US,
MAR.US,RDDT.US,
MARA.US,RDN.US,
MARPS.US,RDTE.US,
MARX.US,RDW-WS.US,
MARXR.US,RDW.US,
MARXU.US,RDY.US,
MASI.US,REKT.US,
MASS.US,RELX.US,
MAT.US,RERE.US,
MATH.US,RES.US,
MATW.US,REVG.US,
MAXI.US,REX.US,
MAXN.US,REXR.US,
MAYS.US,REXR_B.US,
MBAV.US,REXR_C.US,
MBAVU.US,REZI.US,
MBAVW.US,RF.US,
MBCN.US,RFI.US,
MBIN.US,RFL.US,
MBINM.US,RFLR.US,
MBINN.US,RFM.US,
MBINO.US,RFMZ.US,
MBIO.US,RF_C.US,
MBLY.US,RF_E.US,
MBNKP.US,RF_F.US,
MBOT.US,RGA.US,
MBRX.US,RGEF.US,
MBUU.US,RGR.US,
MBWM.US,RGT.US,
MBX.US,RH.US,
MCAA.US,RHI.US,
MCAAU.US,RHP.US,
MCAAW.US,RIG.US,
MCAG.US,RIO.US,
MCAGR.US,RITM.US,
MCAGU.US,RITM_A.US,
MCBS.US,RITM_B.US,
MCDS.US,RITM_C.US,
MCFT.US,RITM_D.US,
MCHP.US,RIV.US,
MCHS.US,RIV_A.US,
MCHX.US,RJF.US,
MCRB.US,RJF_B.US,
MCRI.US,RKT.US,
MCSE.US,RL.US,
MCVT.US,RLI.US,
MDAI.US,RLJ.US,
MDAIW.US,RLJ_A.US,
MDB.US,RLTY.US,
MDBH.US,RLX.US,
MDCP.US,RM.US,
MDCX.US,RMAX.US,
MDCXW.US,RMCA.US,
MDGL.US,RMD.US,
MDIA.US,RMI.US,
MDJH.US,RMM.US,
MDLZ.US,RMMZ.US,
MDRR.US,RMNY.US,
MDRRP.US,RMOP.US,
MDWD.US,RMPL_.US,
MDXG.US,RMT.US,
MDXH.US,RND.US,
ME.US,RNG.US,
MEDP.US,RNGR.US,
MEDS.US,RNP.US,
MEDX.US,RNR.US,
MEGL.US,RNR_F.US,
MEIP.US,RNR_G.US,
MELI.US,RNST.US,
MEMS.US,ROG.US,
MEOH.US,ROK.US,
MERC.US,ROL.US,
MESA.US,RPM.US,
MESO.US,RQI.US,
META.US,RRAC.US,
METC.US,RRC.US,
METCB.US,RRX.US,
METCL.US,RS.US,
METD.US,RSBY.US,
METU.US,RSF.US,
MFH.US,RSG.US,
MFI.US,RSI.US,
MFIC.US,RSJN.US,
MFICL.US,RSKD.US,
MFIN.US,RSMC.US,
MFLX.US,RSPA.US,
MGEE.US,RSSE.US,
MGIC.US,RSSL.US,
MGIH.US,RSSY.US,
MGNI.US,RTO.US,
MGNX.US,RTRE.US,
MGOL.US,RTX.US,
MGPI.US,RVLV.US,
MGRC.US,RVT.US,
MGRM.US,RVTY.US,
MGRX.US,RWT.US,
MGTX.US,RWTN.US,
MGX.US,RWTO.US,
MGYR.US,RWT_A.US,
MHLD.US,RXO.US,
MHUA.US,RY.US,
MICS.US,RYAM.US,
MIDD.US,RYAN.US,
MIGI.US,RYI.US,
MIND.US,RYN.US,
MINDP.US,RZB.US,
MIRA.US,RZC.US,
MIRM.US,S.US,
MIST.US,SA.US,
MITA.US,SABA.US,
MITAU.US,SAFE.US,
MITK.US,SAH.US,
MKAM.US,SAIC.US,
MKDW.US,SAJ.US,
MKDWW.US,SAM.US,
MKSI.US,SAN.US,
MKTW.US,SAND.US,
MKTX.US,SAP.US,
MKZR.US,SAR.US,
MLAB.US,SARO.US,
MLCO.US,SAT.US,
MLEC.US,SAVE.US,
MLECW.US,SAWG.US,
MLGO.US,SAWS.US,
MLKN.US,SAY.US,
MLTX.US,SAZ.US,
MLYS.US,SB.US,
MMLP.US,SBBA.US,
MMSI.US,SBH.US,
MMV.US,SBR.US,
MMVWW.US,SBS.US,
MMYT.US,SBSI.US,
MNDO.US,SBSW.US,
MNDR.US,SBXC-U.US,
MNDY.US,SBXC-WS.US,
MNKD.US,SBXC.US,
MNMD.US,SBXD-U.US,
MNOV.US,SBXD-WS.US,
MNPR.US,SBXD.US,
MNRO.US,SB_C.US,
MNSB.US,SB_D.US,
MNSBP.US,SCCO.US,
MNST.US,SCD.US,
MNTK.US,SCE_G.US,
MNTL.US,SCE_H.US,
MNTS.US,SCE_J.US,
MNTSW.US,SCE_K.US,
MNTX.US,SCE_L.US,
MNY.US,SCE_M.US,
MNYWW.US,SCE_N.US,
MOB.US,SCHW.US,
MOBBW.US,SCHW_D.US,
MOBX.US,SCHW_J.US,
MOBXW.US,SCI.US,
MODD.US,SCL.US,
MODL.US,SCM.US,
MODV.US,SCS.US,
MOFG.US,SCUS.US,
MOGO.US,SD.US,
MOLN.US,SDFI.US,
MOMO.US,SDHC.US,
MOND.US,SDHY.US,
MORF.US,SDRL.US,
MORN.US,SE.US,
MOVE.US,SEAL_A.US,
MPAA.US,SEAL_B.US,
MPB.US,SECR.US,
MPWR.US,SEDA-U.US,
MQ.US,SEDA.US,
MQQQ.US,SEE.US,
MRAM.US,SEI.US,
MRBK.US,SEM-W.US,
MRCC.US,SEM.US,
MRCY.US,SEMR.US,
MREO.US,SEPM.US,
MRIN.US,SEPP.US,
MRKR.US,SEPU.US,
MRM.US,SES-WS.US,
MRNA.US,SES.US,
MRNO.US,SF.US,
MRNOW.US,SFB.US,
MRNS.US,SFBS.US,
MRSN.US,SFL.US,
MRTN.US,SF_B.US,
MRUS.US,SF_C.US,
MRVI.US,SF_D.US,
MRVL.US,SG.US,
MRX.US,SGHC.US,
MSAI.US,SGU.US,
MSAIW.US,SHAK.US,
MSBI.US,SHCO.US,
MSBIP.US,SHEH.US,
MSEX.US,SHEL.US,
MSFD.US,SHG.US,
MSFL.US,SHNY.US,
MSFT.US,SHO.US,
MSFU.US,SHOP.US,
MSGM.US,SHO_H.US,
MSS.US,SHO_I.US,
MSSA.US,SHW.US,
MSSAR.US,SID.US,
MSTR.US,SIG.US,
MSTX.US,SII.US,
MSW.US,SILA.US,
MTC.US,SING.US,
MTCH.US,SITC-W.US,
MTEK.US,SITC.US,
MTEKW.US,SITC_A.US,
MTEM.US,SITE.US,
MTEN.US,SIXD.US,
MTEX.US,SIXZ.US,
MTLS.US,SJM.US,
MTRX.US,SJT.US,
MTSI.US,SKE.US,
MTTR.US,SKIL.US,
MU.US,SKLZ.US,
MUD.US,SKM.US,
MULL.US,SKT.US,
MULN.US,SKX.US,
MURA.US,SKY.US,
MUU.US,SLB.US,
MVBF.US,SLDR.US,
MVIS.US,SLF.US,
MVST.US,SLG.US,
MVSTW.US,SLGN.US,
MXCT.US,SLG_I.US,
MXL.US,SLNZ.US,
MYCF.US,SLQT.US,
MYCG.US,SLVM.US,
MYCH.US,SM.US,
MYCI.US,SMAP.US,
MYCJ.US,SMAR.US,
MYCK.US,SMAX.US,
MYCL.US,SMBK.US,
MYCM.US,SMBS.US,
MYCN.US,SMC.US,
MYFW.US,SMCY.US,
MYGN.US,SMFG.US,
MYMD.US,SMG.US,
MYMF.US,SMHI.US,
MYMG.US,SMLL.US,
MYMH.US,SMP.US,
MYMI.US,SMR-WS.US,
MYMJ.US,SMR.US,
MYNA.US,SMRT.US,
MYNZ.US,SMWB.US,
MYPS.US,SN.US,
MYPSW.US,SNA.US,
MYRG.US,SNAP.US,
MYSZ.US,SNDA.US,
NA.US,SNDR.US,
NAAS.US,SNN.US,
NAII.US,SNOW.US,
NAMI.US,SNOY.US,
NAMS.US,SNV.US,
NAMSW.US,SNV_D.US,
NAOV.US,SNV_E.US,
NARI.US,SNX.US,
NATH.US,SO.US,
NATO.US,SOBO.US,
NATR.US,SOC-WS.US,
NAUT.US,SOC.US,
NAVI.US,SOFR.US,
NAYA.US,SOI.US,
NB.US,SOJC.US,
NBBK.US,SOJD.US,
NBIS.US,SOJE.US,
NBIX.US,SOL.US,
NBN.US,SOLV.US,
NBST.US,SON.US,
NBSTU.US,SONY.US,
NBTB.US,SOR.US,
NBTX.US,SOS.US,
NCEW.US,SPB.US,
NCI.US,SPCE.US,
NCMI.US,SPE.US,
NCNA.US,SPE_C.US,
NCNC.US,SPG.US,
NCNCW.US,SPGI.US,
NCNO.US,SPG_J.US,
NCPB.US,SPH.US,
NCPL.US,SPHR.US,
NCRA.US,SPIN.US,
NCSM.US,SPIR.US,
NCTY.US,SPLP.US,
NDAA.US,SPLP_A.US,
NDAQ.US,SPMA.US,
NDLS.US,SPMC.US,
NDRA.US,SPNT.US,
NDSN.US,SPNT_B.US,
NECB.US,SPOT.US,
NEGG.US,SPPP.US,
NEO.US,SPR.US,
NEOG.US,SPRU.US,
NEON.US,SPTB.US,
NEOV.US,SPXC.US,
NEOVW.US,SPXX.US,
NEPH.US,SPYU.US,
NERD.US,SQ.US,
NERV.US,SQM.US,
NESR.US,SQNS.US,
NESRW.US,SQSP.US,
NETD.US,SR.US,
NETDU.US,SRE.US,
NETDW.US,SREA.US,
NEWT.US,SRFM.US,
NEWTG.US,SRG.US,
NEWTH.US,SRG_A.US,
NEWTI.US,SRI.US,
NEWTZ.US,SRL.US,
NEWZ.US,SRV-R.US,
NEXN.US,SRV.US,
NEXT.US,SR_A.US,
NFBK.US,SSB.US,
NFE.US,SSD.US,
NFLX.US,SSL.US,
NFXL.US,SST-WS.US,
NFXS.US,SST.US,
NGNE.US,SSTK.US,
NHTC.US,ST.US,
NICE.US,STAG.US,
NIKL.US,STBF.US,
NIOBW.US,STC.US,
NIPG.US,STE.US,
NISN.US,STEL.US,
NITO.US,STEM.US,
NIU.US,STEW.US,
NIVF.US,STG.US,
NIVFW.US,STK.US,
NIXT.US,STLA.US,
NIXX.US,STM.US,
NIXXW.US,STN.US,
NKGN.US,STNG.US,
NKGNW.US,STR.US,
NKLA.US,STT.US,
NKSH.US,STT_G.US,
NKTR.US,STVN.US,
NKTX.US,STWD.US,
NLSP.US,STXI.US,
NLSPW.US,STXM.US,
NMFC.US,STZ.US,
NMFCZ.US,SU.US,
NMHI.US,SUI.US,
NMHIW.US,SUM.US,
NMIH.US,SUN.US,
NMRA.US,SUP.US,
NMRK.US,SUPV.US,
NMTC.US,SUZ.US,
NN.US,SVV.US,
NNAG.US,SW.US,
NNAGR.US,SWI.US,
NNAGU.US,SWK.US,
NNAGW.US,SWN.US,
NNAVW.US,SWX.US,
NNBR.US,SWZ.US,
NNDM.US,SXC.US,
NNE.US,SXI.US,
NNOX.US,SXT.US,
NODK.US,SYF.US,
NOEMU.US,SYFI.US,
NOTV.US,SYF_A.US,
NOVT.US,SYF_B.US,
NOVVR.US,SYK.US,
NOVVU.US,SYY.US,
NPAB.US,T.US,
NPABU.US,TAC.US,
NPCE.US,TAK.US,
NPFI.US,TAL.US,
NRBO.US,TALO.US,
NRC.US,TAP-A.US,
NRDS.US,TAP.US,
NRES.US,TBB.US,
NRIM.US,TBBB.US,
NRIX.US,TBC.US,
NRSN.US,TBI.US,
NRSNW.US,TBLU.US,
NRXP.US,TBN.US,
NRXPW.US,TCI.US,
NSCR.US,TCOA-U.US,
NSI.US,TCOA.US,
NSIT.US,TCS.US,
NSPR.US,TD.US,
NSSC.US,TDC.US,
NSTS.US,TDF.US,
NSYS.US,TDG.US,
NTAP.US,TDOC.US,
NTBLQ.US,TDS.US,
NTCT.US,TDS_U.US,
NTES.US,TDS_V.US,
NTGR.US,TDW.US,
NTIC.US,TDY.US,
NTLA.US,TEAF.US,
NTNX.US,TECK.US,
NTRA.US,TEF.US,
NTRB.US,TEI.US,
NTRBW.US,TEK.US,
NTRP.US,TEL.US,
NTRS.US,TEN.US,
NTRSO.US,TEN_E.US,
NTWK.US,TEN_F.US,
NTWOU.US,TEO.US,
NUKK.US,TEVA.US,
NUKKW.US,TEX.US,
NURO.US,TFC.US,
NUSB.US,TFC_I.US,
NUTX.US,TFC_O.US,
NUVL.US,TFC_R.US,
NUVOQ.US,TFII.US,
NUVWQ.US,TFPM.US,
NUWE.US,TFSA.US,
NVA.US,TFX.US,
NVAC.US,TG.US,
NVACR.US,TGI.US,
NVAWW.US,TGLS.US,
NVAX.US,TGNA.US,
NVCR.US,TGS.US,
NVCT.US,TGT.US,
NVDA.US,THC.US,
NVDD.US,THG.US,
NVDL.US,THIR.US,
NVDS.US,THNR.US,
NVDU.US,THO.US,
NVDW.US,THQ.US,
NVEC.US,THR.US,
NVEE.US,THRO.US,
NVEI.US,THS.US,
NVFY.US,THW.US,
NVMI.US,TIMB.US,
NVNI.US,TISI.US,
NVNIW.US,TIXT.US,
NVNO.US,TJX.US,
NVOS.US,TK.US,
NVTS.US,TKC.US,
NVVE.US,TKO.US,
NVVEW.US,TKR.US,
NVX.US,TLK.US,
NWBI.US,TLTP.US,
NWE.US,TLYS.US,
NWFL.US,TM.US,
NWGL.US,TME.US,
NWL.US,TMHC.US,
NWPX.US,TMO.US,
NWS.US,TNC.US,
NWSA.US,TNET.US,
NWTN.US,TNK.US,
NWTNW.US,TNL.US,
NXGL.US,TOAK.US,
NXL.US,TOGA.US,
NXLIW.US,TOL.US,
NXPI.US,TOPT.US,
NXPL.US,TOST.US,
NXPLW.US,TPB.US,
NXST.US,TPC.US,
NXT.US,TPH.US,
NXTC.US,TPL.US,
NXTT.US,TPR.US,
NXU.US,TPTA.US,
NYAX.US,TPVG.US,
NYMT.US,TPX.US,
NYMTI.US,TPZ.US,
NYMTL.US,TR.US,
NYMTM.US,TRAK.US,
NYMTN.US,TRC.US,
NYMTZ.US,TREX.US,
NYXH.US,TRGP.US,
NZAC.US,TRI.US,
NZUS.US,TRIS.US,
OABI.US,TRN.US,
OABIW.US,TRNO.US,
OACCU.US,TROX.US,
OAKU.US,TRP.US,
OAKUR.US,TRSY.US,
OAKUU.US,TRTN_A.US,
OAKUW.US,TRTN_B.US,
OB.US,TRTN_C.US,
OBIL.US,TRTN_D.US,
OBIO.US,TRTN_E.US,
OBLG.US,TRTX.US,
OBT.US,TRTX_C.US,
OCAX.US,TRU.US,
OCC.US,TRV.US,
OCCI.US,TS.US,
OCCIM.US,TSE.US,
OCCIN.US,TSEP.US,
OCCIO.US,TSI.US,
OCEA.US,TSLX.US,
OCEAW.US,TSM.US,
OCFC.US,TSMY.US,
OCFCP.US,TSN.US,
OCG.US,TSQ.US,
OCGN.US,TT.US,
OCS.US,TTC.US,
OCSL.US,TTE.US,
OCTA.US,TTI.US,
OCTO.US,TTP.US,
OCUL.US,TU.US,
OCX.US,TUPBQ.US,
ODD.US,TUYA.US,
ODDS.US,TV.US,
ODFL.US,TVC.US,
ODP.US,TVE.US,
ODVWZ.US,TWI.US,
OESX.US,TWLO.US,
OFIX.US,TWN.US,
OFLX.US,TWO.US,
OFS.US,TWO_A.US,
OFSSH.US,TWO_B.US,
OGI.US,TWO_C.US,
OKTA.US,TX.US,
OKUR.US,TXNM.US,
OKYO.US,TXO.US,
OLB.US,TXT.US,
OLED.US,TY.US,
OLLI.US,TYG.US,
OLMA.US,TYL.US,
OLPX.US,TY_.US,
OM.US,T_A.US,
OMAB.US,T_C.US,
OMCC.US,U.US,
OMCL.US,UA.US,
OMER.US,UAA.US,
OMEX.US,UAN.US,
OMGA.US,UBER.US,
OMH.US,UBS.US,
OMIC.US,UDR.US,
ON.US,UE.US,
ONB.US,UFI.US,
ONBPO.US,UGI.US,
ONBPP.US,UGP.US,
ONCO.US,UHAL-B.US,
ONCT.US,UHAL.US,
ONCY.US,UHS.US,
ONDS.US,UHT.US,
ONEW.US,UI.US,
ONFO.US,UIS.US,
ONFOW.US,UL.US,
ONMD.US,ULS.US,
ONMDW.US,UMC.US,
ONVO.US,UMH.US,
ONYX.US,UMH_D.US,
ONYXU.US,UNF.US,
OP.US,UNFI.US,
OPAL.US,UNH.US,
OPBK.US,UNM.US,
OPCH.US,UNMA.US,
OPEN.US,UNP.US,
OPGN.US,UP.US,
OPHC.US,UPS.US,
OPI.US,UPSD.US,
OPINL.US,URAA.US,
OPK.US,URAN.US,
OPOF.US,URAX.US,
OPRA.US,URI.US,
OPRT.US,USA.US,
OPRX.US,USAC.US,
OPT.US,USB.US,
OPTN.US,USB_A.US,
OPTX.US,USB_H.US,
OPTXW.US,USB_P.US,
OPTZ.US,USB_Q.US,
OPXS.US,USB_R.US,
ORGN.US,USB_S.US,
ORGNW.US,USFD.US,
ORGO.US,USM.US,
ORGS.US,USNA.US,
ORIC.US,USPH.US,
ORIS.US,UTF.US,
ORKA.US,UTI.US,
ORKT.US,UTL.US,
ORLY.US,UTZ.US,
ORMP.US,UVE.US,
ORRF.US,UVV.US,
OS.US,UWMC-WS.US,
OSBC.US,UWMC.US,
OSIS.US,UXOC.US,
OSPN.US,UZD.US,
OSS.US,UZE.US,
OST.US,UZF.US,
OSUR.US,V.US,
OSW.US,VAC.US,
OTEX.US,VAL-WS.US,
OTLK.US,VAL.US,
OTLY.US,VALE.US,
OTRK.US,VATE.US,
OTTR.US,VBF.US,
OVBC.US,VCRM.US,
OVID.US,VCV.US,
OVLY.US,VEEV.US,
OXBR.US,VEL.US,
OXBRW.US,VERS.US,
OXLC.US,VET.US,
OXLCI.US,VFC.US,
OXLCL.US,VGI.US,
OXLCN.US,VGM.US,
OXLCO.US,VGR.US,
OXLCP.US,VHAI-WS-A.US,
OXLCZ.US,VHAI-WS-B.US,
OXSQ.US,VHAI.US,
OXSQG.US,VHC.US,
OXSQZ.US,VHI.US,
OZEM.US,VICI.US,
OZK.US,VIK.US,
OZKAP.US,VIPS.US,
PAA.US,VIST.US,
PABD.US,VIV.US,
PABU.US,VKQ.US,
PACB.US,VLLU.US,
PAGP.US,VLN-WS.US,
PAHC.US,VLN.US,
PAL.US,VLO.US,
PALI.US,VLRS.US,
PALT.US,VLT.US,
PAMT.US,VLTO.US,
PANL.US,VMC.US,
PANW.US,VMI.US,
PARA.US,VMO.US,
PARAA.US,VNCE.US,
PASG.US,VNO.US,
PATK.US,VNO_L.US,
PATN.US,VNO_M.US,
PAVM.US,VNO_N.US,
PAVMZ.US,VNO_O.US,
PAVS.US,VNT.US,
PAX.US,VOC.US,
PAYO.US,VOYA.US,
PAYS.US,VOYA_B.US,
PAYX.US,VPG.US,
PBBK.US,VPV.US,
PBFS.US,VRE.US,
PBHC.US,VRN.US,
PBM.US,VRT.US,
PBMWW.US,VRTS.US,
PBPB.US,VSCO.US,
PBYI.US,VSDM.US,
PC.US,VSH.US,
PCAR.US,VST.US,
PCB.US,VSTO.US,
PCH.US,VSTS.US,
PCRX.US,VTEX.US,
PCSA.US,VTLE.US,
PCSC.US,VTMX.US,
PCT.US,VTN.US,
PCTTU.US,VTOL.US,
PCTTW.US,VTR.US,
PCTY.US,VTS.US,
PCVX.US,VVI.US,
PCYO.US,VVR.US,
PDBA.US,VVV.US,
PDCO.US,VVX.US,
PDD.US,VYX.US,
PDEX.US,VZ.US,
PDFS.US,VZIO.US,
PDLB.US,W.US,
PDSB.US,WAB.US,
PDYN.US,WAL.US,
PDYNW.US,WAL_A.US,
PEBK.US,WAT.US,
PEBO.US,WBS.US,
PECO.US,WBS_F.US,
PEGA.US,WBS_G.US,
PEGY.US,WBX-WS.US,
PENG.US,WBX.US,
PENN.US,WCC.US,
PEP.US,WCC_A.US,
PEPG.US,WCME.US,
PEPS.US,WCMI.US,
PERI.US,WCN.US,
PESI.US,WD.US,
PET.US,WDH.US,
PETQ.US,WDI.US,
PETS.US,WDS.US,
PETWW.US,WDTE.US,
PETZ.US,WEA.US,
PEV.US,WEAV.US,
PFBC.US,WEC.US,
PFC.US,WEEL.US,
PFG.US,WEL-U.US,
PFIE.US,WEL.US,
PFIS.US,WELL.US,
PFMT.US,WES.US,
PFTA.US,WEX.US,
PFTAU.US,WF.US,
PFTAW.US,WFC.US,
PFX.US,WFC_A.US,
PFXNZ.US,WFC_C.US,
PGC.US,WFC_D.US,
PGEN.US,WFC_L.US,
PGHL.US,WFC_Y.US,
PGNY.US,WFC_Z.US,
PGY.US,WFG.US,
PGYWW.US,WGO.US,
PHAR.US,WH.US,
PHAT.US,WHD.US,
PHIO.US,WHG.US,
PHUN.US,WHR.US,
PHVS.US,WIA.US,
PI.US,WIT.US,
PIII.US,WIW.US,
PIK.US,WK.US,
PINC.US,WKC.US,
PIRS.US,WLK.US,
PITA.US,WLKP.US,
PITAW.US,WLY.US,
PIXY.US,WLYB.US,
PKBK.US,WM.US,
PKOH.US,WMB.US,
PLAB.US,WMK.US,
PLAO.US,WMS.US,
PLAOU.US,WMT.US,
PLAOW.US,WNC.US,
PLAY.US,WNS.US,
PLBC.US,WOLF.US,
PLBY.US,WOR.US,
PLCE.US,WOW.US,
PLL.US,WPC.US,
PLMJ.US,WPM.US,
PLMJU.US,WPP.US,
PLMJW.US,WRB.US,
PLMR.US,WRBY.US,
PLPC.US,WRB_E.US,
PLRX.US,WRB_F.US,
PLRZ.US,WRB_G.US,
PLSE.US,WRB_H.US,
PLTK.US,WS.US,
PLUG.US,WSM.US,
PLUR.US,WSO-B.US,
PLUS.US,WSO.US,
PLXS.US,WSR.US,
PLYA.US,WST.US,
PMAX.US,WT.US,
PMBS.US,WTI.US,
PMCB.US,WTID.US,
PMD.US,WTIU.US,
PMEC.US,WTM.US,
PMN.US,WTRG.US,
PMNT.US,WTS.US,
PMTS.US,WTTR.US,
PMVP.US,WU.US,
PNBK.US,WUCT.US,
PNFP.US,WUSA.US,
PNFPP.US,WWW.US,
PNRG.US,WY.US,
PNTG.US,X.US,
POAI.US,XAPR.US,
POCI.US,XFLT.US,
PODC.US,XFLT_A.US,
PODD.US,XHR.US,
POET.US,XIJN.US,
POLA.US,XIN.US,
POLE.US,XMAY.US,
POLEU.US,XOM.US,
POLEW.US,XPER.US,
PONY.US,XPEV.US,
POOL.US,XPO.US,
POWI.US,XPOF.US,
POWL.US,XPRO.US,
POWW.US,XYF.US,
POWWP.US,XYL.US,
PPBI.US,YALA.US,
PPBT.US,YBIT.US,
PPC.US,YELP.US,
PPIH.US,YETH.US,
PPSI.US,YETI.US,
PPTA.US,YEXT.US,
PPYA.US,YMM.US,
PPYAU.US,YOU.US,
PRAA.US,YPF.US,
PRAX.US,YRD.US,
PRCH.US,YSG.US,
PRCT.US,YUM.US,
PRDO.US,YUMC.US,
PRE.US,ZAUG.US,
PRFT.US,ZBH.US,
PRFX.US,ZBZX.US,
PRGS.US,ZEPP.US,
PRLD.US,ZETA.US,
PRLH.US,ZEXIT.US,
PRLHU.US,ZGN.US,
PRME.US,ZH.US,
PROC.US,ZIM.US,
PROCW.US,ZIP.US,
PROF.US,ZJUL.US,
PROK.US,ZK.US,
PROP.US,ZKH.US,
PROV.US,ZNOV.US,
PRPH.US,ZOCT.US,
PRPL.US,ZSEP.US,
PRPO.US,ZTO.US,
PRQR.US,ZTR.US,
PRSO.US,ZTS.US,
PRST.US,ZUO.US,
PRTA.US,ZVIA.US,
PRTC.US,ZVOL.US,
PRTG.US,ZWS.US,
PRTH.US,ZXIET.US,
PRTS.US,,
PRVA.US,,
PRZO.US,,
PSEC.US,,
PSHG.US,,
PSIG.US,,
PSMT.US,,
PSNL.US,,
PSNY.US,,
PSNYW.US,,
PSTR.US,,
PSTV.US,,
PSTX.US,,
PSWD.US,,
PT.US,,
PTC.US,,
PTCT.US,,
PTEC.US,,
PTEN.US,,
PTGX.US,,
PTHL.US,,
PTIR.US,,
PTIX.US,,
PTLE.US,,
PTLO.US,,
PTMN.US,,
PTNQ.US,,
PTON.US,,
PTPI.US,,
PTVE.US,,
PTWO.US,,
PUBM.US,,
PULM.US,,
PVBC.US,,
PWM.US,,
PWOD.US,,
PWP.US,,
PWUP.US,,
PWUPU.US,,
PWUPW.US,,
PXDT.US,,
PXLW.US,,
PXS.US,,
PXSAP.US,,
PXSAW.US,,
PYCR.US,,
PYPD.US,,
PYPL.US,,
PYXS.US,,
PZZA.US,,
QBUF.US,,
QCLR.US,,
QCOM.US,,
QCRH.US,,
QDEL.US,,
QETA.US,,
QETAR.US,,
QETAU.US,,
QFIN.US,,
QH.US,,
QHDG.US,,
QIPT.US,,
QLGN.US,,
QLI.US,,
QLYS.US,,
QMCO.US,,
QMID.US,,
QMMM.US,,
QMOM.US,,
QNCX.US,,
QNRX.US,,
QNST.US,,
QNTM.US,,
QNXT.US,,
QOMO.US,,
QOMOR.US,,
QOMOU.US,,
QOWZ.US,,
QQA.US,,
QQJG.US,,
QQMG.US,,
QQQA.US,,
QQQE.US,,
QQQG.US,,
QQQI.US,,
QQQP.US,,
QQQS.US,,
QQQT.US,,
QQQW.US,,
QQQX.US,,
QQQY.US,,
QRHC.US,,
QRMI.US,,
QRTEA.US,,
QRTEB.US,,
QRTEP.US,,
QRVO.US,,
QSG.US,,
QSI.US,,
QSIAW.US,,
QSIX.US,,
QSML.US,,
QTI.US,,
QTOP.US,,
QTR.US,,
QTRX.US,,
QTTB.US,,
QUBT.US,,
QUIK.US,,
QURE.US,,
QVAL.US,,
QXO.US,,
QXQ.US,,
QYLE.US,,
RAIL.US,,
RAND.US,,
RANI.US,,
RAPP.US,,
RAPT.US,,
RARE.US,,
RAVE.US,,
RAY.US,,
RAYA.US,,
RAYS.US,,
RBB.US,,
RBBN.US,,
RBCAA.US,,
RBKB.US,,
RCAT.US,,
RCEL.US,,
RCKT.US,,
RCKTW.US,,
RCKY.US,,
RCM.US,,
RCMT.US,,
RCON.US,,
RCRT.US,,
RDACU.US,,
RDCM.US,,
RDFN.US,,
RDHL.US,,
RDI.US,,
RDIB.US,,
RDNT.US,,
RDUS.US,,
RDVT.US,,
RDWR.US,,
RDZN.US,,
RDZNW.US,,
REAI.US,,
REAL.US,,
REAX.US,,
REBN.US,,
RECT.US,,
REE.US,,
REFI.US,,
REFR.US,,
REG.US,,
REGCO.US,,
REGCP.US,,
REGN.US,,
REKR.US,,
RELI.US,,
RELL.US,,
RELY.US,,
RENB.US,,
RENE.US,,
RENEU.US,,
RENEW.US,,
RENT.US,,
REPL.US,,
RETO.US,,
REVB.US,,
REVBW.US,,
REYN.US,,
RFAC.US,,
RFACR.US,,
RFAI.US,,
RFAIR.US,,
RFAIU.US,,
RFIL.US,,
RGC.US,,
RGCO.US,,
RGEN.US,,
RGF.US,,
RGLD.US,,
RGLS.US,,
RGNX.US,,
RGP.US,,
RGS.US,,
RGTI.US,,
RGTIW.US,,
RICK.US,,
RIGL.US,,
RILY.US,,
RILYG.US,,
RILYK.US,,
RILYL.US,,
RILYM.US,,
RILYN.US,,
RILYP.US,,
RILYT.US,,
RILYZ.US,,
RIME.US,,
RIOT.US,,
RITR.US,,
RIVN.US,,
RKDA.US,,
RKLB.US,,
RLAY.US,,
RLMD.US,,
RLYB.US,,
RMBI.US,,
RMBL.US,,
RMBS.US,,
RMCF.US,,
RMCO.US,,
RMCOW.US,,
RMNI.US,,
RMR.US,,
RMSG.US,,
RMSGW.US,,
RMTI.US,,
RNA.US,,
RNAC.US,,
RNAZ.US,,
RNEW.US,,
RNLXY.US,,
RNW.US,,
RNWWW.US,,
RNXT.US,,
ROAD.US,,
ROCK.US,,
ROCL.US,,
ROCLU.US,,
ROCLW.US,,
ROE.US,,
ROIC.US,,
ROIV.US,,
ROKU.US,,
ROMA.US,,
ROOT.US,,
ROP.US,,
ROST.US,,
RPAY.US,,
RPD.US,,
RPID.US,,
RPRX.US,,
RPTX.US,,
RR.US,,
RRBI.US,,
RRGB.US,,
RRR.US,,
RSLS.US,,
RSSS.US,,
RSTN.US,,
RSVR.US,,
RSVRW.US,,
RTC.US,,
RUM.US,,
RUMBW.US,,
RUN.US,,
RUNN.US,,
RUSHA.US,,
RUSHB.US,,
RVMD.US,,
RVMDW.US,,
RVNC.US,,
RVPH.US,,
RVPHW.US,,
RVSB.US,,
RVSN.US,,
RVSNW.US,,
RVYL.US,,
RWAY.US,,
RWAYL.US,,
RWAYZ.US,,
RXRX.US,,
RXST.US,,
RXT.US,,
RYAAY.US,,
RYTM.US,,
RZLT.US,,
RZLV.US,,
RZLVW.US,,
SABR.US,,
SABS.US,,
SABSW.US,,
SAFT.US,,
SAG.US,,
SAGE.US,,
SAI.US,,
SAIA.US,,
SAIH.US,,
SAIHW.US,,
SAMG.US,,
SANA.US,,
SANG.US,,
SANM.US,,
SANW.US,,
SARK.US,,
SASR.US,,
SATL.US,,
SATS.US,,
SAVA.US,,
SBAC.US,,
SBC.US,,
SBCF.US,,
SBCWW.US,,
SBET.US,,
SBFG.US,,
SBFM.US,,
SBFMW.US,,
SBGI.US,,
SBLK.US,,
SBRA.US,,
SBT.US,,
SBUX.US,,
SCDS.US,,
SCHL.US,,
SCKT.US,,
SCLX.US,,
SCLXW.US,,
SCNI.US,,
SCNX.US,,
SCOR.US,,
SCPH.US,,
SCSC.US,,
SCVL.US,,
SCWO.US,,
SCWX.US,,
SCYX.US,,
SDA.US,,
SDAWW.US,,
SDGR.US,,
SDIG.US,,
SDOT.US,,
SDSI.US,,
SDST.US,,
SDSTW.US,,
SEAT.US,,
SEATW.US,,
SEDG.US,,
SEED.US,,
SEEL.US,,
SEEM.US,,
SEER.US,,
SEIC.US,,
SEIE.US,,
SEIS.US,,
SELF.US,,
SELX.US,,
SENEA.US,,
SENEB.US,,
SEPN.US,,
SERA.US,,
SERV.US,,
SETM.US,,
SEVN.US,,
SEZL.US,,
SFBC.US,,
SFHG.US,,
SFIX.US,,
SFLO.US,,
SFM.US,,
SFNC.US,,
SFST.US,,
SFWL.US,,
SGA.US,,
SGBX.US,,
SGC.US,,
SGD.US,,
SGH.US,,
SGHT.US,,
SGLY.US,,
SGMA.US,,
SGML.US,,
SGMO.US,,
SGMT.US,,
SGRP.US,,
SGRY.US,,
SHBI.US,,
SHC.US,,
SHCR.US,,
SHEN.US,,
SHFS.US,,
SHFSW.US,,
SHIM.US,,
SHIP.US,,
SHLS.US,,
SHLT.US,,
SHMD.US,,
SHMDW.US,,
SHOO.US,,
SHOT.US,,
SHOTW.US,,
SHPH.US,,
SHRY.US,,
SHYF.US,,
SIBN.US,,
SIDU.US,,
SIEB.US,,
SIFY.US,,
SIGA.US,,
SIGI.US,,
SIGIP.US,,
SILC.US,,
SILK.US,,
SILO.US,,
SIMA.US,,
SIMAU.US,,
SIMAW.US,,
SIMO.US,,
SINT.US,,
SIRI.US,,
SISI.US,,
SITM.US,,
SJ.US,,
SJCP.US,,
SJLD.US,,
SJW.US,,
SKGR.US,,
SKGRU.US,,
SKGRW.US,,
SKIN.US,,
SKK.US,,
SKRE.US,,
SKWD.US,,
SKYE.US,,
SKYQ.US,,
SKYT.US,,
SKYW.US,,
SKYX.US,,
SLAB.US,,
SLAMF.US,,
SLDB.US,,
SLDP.US,,
SLDPW.US,,
SLE.US,,
SLGL.US,,
SLM.US,,
SLMBP.US,,
SLMUF.US,,
SLN.US,,
SLNG.US,,
SLNH.US,,
SLNHP.US,,
SLNO.US,,
SLP.US,,
SLRC.US,,
SLRN.US,,
SLRX.US,,
SLS.US,,
SLXN.US,,
SLXNW.US,,
SMBC.US,,
SMCF.US,,
SMCI.US,,
SMCO.US,,
SMCX.US,,
SMFL.US,,
SMHX.US,,
SMID.US,,
SMLR.US,,
SMMT.US,,
SMPL.US,,
SMRI.US,,
SMSI.US,,
SMST.US,,
SMTC.US,,
SMTI.US,,
SMTK.US,,
SMX.US,,
SMXT.US,,
SMXWW.US,,
SNAL.US,,
SNAX.US,,
SNAXW.US,,
SNBR.US,,
SNCR.US,,
SNCRL.US,,
SNCY.US,,
SND.US,,
SNDL.US,,
SNDX.US,,
SNES.US,,
SNEX.US,,
SNFCA.US,,
SNGX.US,,
SNOA.US,,
SNPS.US,,
SNPX.US,,
SNRE.US,,
SNREV.US,,
SNSE.US,,
SNT.US,,
SNTG.US,,
SNTI.US,,
SNY.US,,
SNYR.US,,
SOBR.US,,
SOFI.US,,
SOGP.US,,
SOHO.US,,
SOHOB.US,,
SOHON.US,,
SOHOO.US,,
SOHU.US,,
SOND.US,,
SONDW.US,,
SONM.US,,
SONN.US,,
SONO.US,,
SOPA.US,,
SOPH.US,,
SOTK.US,,
SOUN.US,,
SOUNW.US,,
SOWG.US,,
SOXM.US,,
SOXQ.US,,
SOXW.US,,
SPAI.US,,
SPAM.US,,
SPAQ.US,,
SPBC.US,,
SPC.US,,
SPCB.US,,
SPCX.US,,
SPEC.US,,
SPECW.US,,
SPFI.US,,
SPGC.US,,
SPHL.US,,
SPI.US,,
SPKL.US,,
SPKLU.US,,
SPKLW.US,,
SPNS.US,,
SPOK.US,,
SPPL.US,,
SPRB.US,,
SPRC.US,,
SPRO.US,,
SPRX.US,,
SPRY.US,,
SPSC.US,,
SPT.US,,
SPTN.US,,
SPWH.US,,
SPWRQ.US,,
SPYB.US,,
SPYM.US,,
SPYQ.US,,
SQFT.US,,
SQFTP.US,,
SQFTW.US,,
SRAD.US,,
SRBK.US,,
SRCE.US,,
SRCL.US,,
SRDX.US,,
SRM.US,,
SRPT.US,,
SRRK.US,,
SRTS.US,,
SRZN.US,,
SRZNW.US,,
SSBI.US,,
SSBK.US,,
SSKN.US,,
SSNC.US,,
SSP.US,,
SSRM.US,,
SSSS.US,,
SSSSL.US,,
SSTI.US,,
SSYS.US,,
STAA.US,,
STAF.US,,
STBA.US,,
STBX.US,,
STCN.US,,
STEC.US,,
STEP.US,,
STER.US,,
STFS.US,,
STGW.US,,
STHO.US,,
STI.US,,
STIM.US,,
STKH.US,,
STKL.US,,
STKS.US,,
STLD.US,,
STNE.US,,
STOK.US,,
STRA.US,,
STRL.US,,
STRM.US,,
STRO.US,,
STRR.US,,
STRRP.US,,
STRS.US,,
STRT.US,,
STSB.US,,
STSS.US,,
STSSW.US,,
STTK.US,,
STX.US,,
SUGP.US,,
SUNE.US,,
SUNS.US,,
SUPN.US,,
SURG.US,,
SUUN.US,,
SVC.US,,
SVCO.US,,
SVII.US,,
SVIIR.US,,
SVIIU.US,,
SVMH.US,,
SVMHW.US,,
SVRA.US,,
SVRE.US,,
SWAG.US,,
SWBI.US,,
SWIM.US,,
SWIN.US,,
SWKH.US,,
SWKHL.US,,
SWKS.US,,
SWTX.US,,
SWVL.US,,
SWVLW.US,,
SXTC.US,,
SXTP.US,,
SXTPW.US,,
SY.US,,
SYBT.US,,
SYBX.US,,
SYM.US,,
SYNA.US,,
SYPR.US,,
SYRA.US,,
SYRE.US,,
SYRS.US,,
SYT.US,,
SYTA.US,,
SYTAW.US,,
TACT.US,,
TAIT.US,,
TALK.US,,
TALKW.US,,
TANH.US,,
TAOP.US,,
TARA.US,,
TARK.US,,
TARS.US,,
TASK.US,,
TATT.US,,
TAXE.US,,
TAYD.US,,
TBBK.US,,
TBIL.US,,
TBIO.US,,
TBLA.US,,
TBLAW.US,,
TBLD.US,,
TBMC.US,,
TBMCR.US,,
TBNK.US,,
TBPH.US,,
TBRG.US,,
TC.US,,
TCBI.US,,
TCBIO.US,,
TCBK.US,,
TCBP.US,,
TCBPW.US,,
TCBS.US,,
TCBX.US,,
TCHI.US,,
TCMD.US,,
TCOM.US,,
TCPC.US,,
TCRT.US,,
TCRX.US,,
TCTM.US,,
TCX.US,,
TDI.US,,
TDSB.US,,
TDSC.US,,
TDTH.US,,
TDUP.US,,
TEAM.US,,
TECH.US,,
TECTP.US,,
TECX.US,,
TEKX.US,,
TELA.US,,
TELO.US,,
TEM.US,,
TENB.US,,
TENX.US,,
TER.US,,
TERN.US,,
TETE.US,,
TETEU.US,,
TFFP.US,,
TFIN.US,,
TFINP.US,,
TFSL.US,,
TGAA.US,,
TGAAU.US,,
TGL.US,,
TGTX.US,,
TH.US,,
THAR.US,,
THCH.US,,
THCP.US,,
THCPU.US,,
THFF.US,,
THRD.US,,
THRM.US,,
THRY.US,,
THTX.US,,
TIGO.US,,
TIGR.US,,
TIL.US,,
TILE.US,,
TIPT.US,,
TIRX.US,,
TITN.US,,
TIVC.US,,
TKLF.US,,
TKNO.US,,
TLF.US,,
TLGY.US,,
TLGYU.US,,
TLIS.US,,
TLN.US,,
TLPH.US,,
TLRY.US,,
TLS.US,,
TLSA.US,,
TLSI.US,,
TLSIW.US,,
TLTM.US,,
TLTQ.US,,
TLX.US,,
TMC.US,,
TMCI.US,,
TMCWW.US,,
TMDX.US,,
TMET.US,,
TMTC.US,,
TMTCR.US,,
TMTCU.US,,
TMUS.US,,
TNDM.US,,
TNFA.US,,
TNGX.US,,
TNON.US,,
TNONW.US,,
TNXP.US,,
TNYA.US,,
TOI.US,,
TOIIW.US,,
TOMZ.US,,
TOP.US,,
TOPS.US,,
TORO.US,,
TOUR.US,,
TOWN.US,,
TOYO.US,,
TPCS.US,,
TPG.US,,
TPGXL.US,,
TPIC.US,,
TPST.US,,
TRAW.US,,
TRDA.US,,
TREE.US,,
TRIB.US,,
TRIN.US,,
TRINI.US,,
TRINL.US,,
TRINZ.US,,
TRIP.US,,
TRMB.US,,
TRMD.US,,
TRMK.US,,
TRML.US,,
TRNR.US,,
TRNS.US,,
TROO.US,,
TROW.US,,
TRS.US,,
TRSG.US,,
TRST.US,,
TRUE.US,,
TRUG.US,,
TRUP.US,,
TRVG.US,,
TRVI.US,,
TRVN.US,,
TSAT.US,,
TSBK.US,,
TSBX.US,,
TSCO.US,,
TSDD.US,,
TSEM.US,,
TSHA.US,,
TSL.US,,
TSLA.US,,
TSLL.US,,
TSLQ.US,,
TSLR.US,,
TSLS.US,,
TSLT.US,,
TSLW.US,,
TSLZ.US,,
TSMU.US,,
TSMX.US,,
TSMZ.US,,
TSPY.US,,
TSSI.US,,
TSVT.US,,
TTD.US,,
TTEC.US,,
TTEK.US,,
TTEQ.US,,
TTGT.US,,
TTMI.US,,
TTNP.US,,
TTOO.US,,
TTSH.US,,
TTWO.US,,
TUG.US,,
TUGN.US,,
TURB.US,,
TURN.US,,
TUSK.US,,
TVGN.US,,
TVGNW.US,,
TVTX.US,,
TW.US,,
TWFG.US,,
TWG.US,,
TWIN.US,,
TWKS.US,,
TWST.US,,
TXG.US,,
TXMD.US,,
TXN.US,,
TXRH.US,,
TXSS.US,,
TYGO.US,,
TYRA.US,,
TZOO.US,,
TZUP.US,,
UAL.US,,
UBCP.US,,
UBFO.US,,
UBND.US,,
UBRL.US,,
UBSI.US,,
UBX.US,,
UBXG.US,,
UCAR.US,,
UCB.US,,
UCB_I.US,,
UCL.US,,
UCRD.US,,
UCTT.US,,
UDMY.US,,
UEIC.US,,
UEVM.US,,
UFCS.US,,
UFIV.US,,
UFPI.US,,
UFPT.US,,
UG.US,,
UGRO.US,,
UHG.US,,
UHGWW.US,,
UITB.US,,
UK.US,,
UKOMW.US,,
ULBI.US,,
ULCC.US,,
ULH.US,,
ULTA.US,,
ULY.US,,
UMBF.US,,
UMMA.US,,
UNB.US,,
UNCY.US,,
UNIT.US,,
UNIY.US,,
UNTY.US,,
UONE.US,,
UONEK.US,,
UPB.US,,
UPBD.US,,
UPC.US,,
UPGR.US,,
UPLD.US,,
UPST.US,,
UPWK.US,,
UPXI.US,,
URBN.US,,
URGN.US,,
URNJ.US,,
UROY.US,,
USAF.US,,
USAP.US,,
USAU.US,,
USCB.US,,
USCF.US,,
USCL.US,,
USDX.US,,
USEA.US,,
USEG.US,,
USFI.US,,
USGO.US,,
USGOW.US,,
USIN.US,,
USIO.US,,
USLM.US,,
USOI.US,,
USOY.US,,
USRD.US,,
USSH.US,,
USTB.US,,
USVM.US,,
USVN.US,,
UTEN.US,,
UTHR.US,,
UTHY.US,,
UTMD.US,,
UTRE.US,,
UTSI.US,,
UTWO.US,,
UTWY.US,,
UVSP.US,,
UXIN.US,,
VABK.US,,
VACH.US,,
VACHU.US,,
VACHW.US,,
VALN.US,,
VALU.US,,
VANI.US,,
VBFC.US,,
VBIVQ.US,,
VBNK.US,,
VBTX.US,,
VC.US,,
VCEL.US,,
VCIC.US,,
VCICU.US,,
VCICW.US,,
VCIG.US,,
VCNX.US,,
VCRB.US,,
VCSA.US,,
VCTR.US,,
VCYT.US,,
VECO.US,,
VEEA.US,,
VEEAU.US,,
VEEAW.US,,
VEEE.US,,
VEON.US,,
VERA.US,,
VERB.US,,
VERI.US,,
VERO.US,,
VERU.US,,
VERV.US,,
VERX.US,,
VEVMQ.US,,
VFF.US,,
VFLO.US,,
VFS.US,,
VFSWW.US,,
VGAS.US,,
VGASW.US,,
VGSR.US,,
VIASP.US,,
VIAV.US,,
VICR.US,,
VIGL.US,,
VINC.US,,
VINO.US,,
VINP.US,,
VIOT.US,,
VIR.US,,
VIRC.US,,
VIRI.US,,
VIRT.US,,
VIRX.US,,
VISL.US,,
VITL.US,,
VIVK.US,,
VKTX.US,,
VLCN.US,,
VLGEA.US,,
VLY.US,,
VLYPN.US,,
VLYPO.US,,
VLYPP.US,,
VMAR.US,,
VMCA.US,,
VMCAU.US,,
VMD.US,,
VMEO.US,,
VMOT.US,,
VNDA.US,,
VNET.US,,
VNOM.US,,
VOD.US,,
VOR.US,,
VOXR.US,,
VOXX.US,,
VPLS.US,,
VRA.US,,
VRAR.US,,
VRAX.US,,
VRCA.US,,
VRDN.US,,
VREX.US,,
VRM.US,,
VRME.US,,
VRNA.US,,
VRNS.US,,
VRNT.US,,
VRPX.US,,
VRRM.US,,
VRSK.US,,
VRSN.US,,
VRTX.US,,
VS.US,,
VSAC.US,,
VSACU.US,,
VSAT.US,,
VSEC.US,,
VSEE.US,,
VSEEW.US,,
VSME.US,,
VSTA.US,,
VSTE.US,,
VSTEW.US,,
VSTM.US,,
VTGN.US,,
VTNRQ.US,,
VTRS.US,,
VTSI.US,,
VTVT.US,,
VTYX.US,,
VUZI.US,,
VVOS.US,,
VVPR.US,,
VXRT.US,,
VYGR.US,,
VYNE.US,,
WABC.US,,
WABF.US,,
WAFD.US,,
WAFDP.US,,
WAFU.US,,
WAI.US,,
WALD.US,,
WALDW.US,,
WASH.US,,
WATT.US,,
WAVE.US,,
WAVS.US,,
WAVSU.US,,
WAY.US,,
WB.US,,
WBA.US,,
WBD.US,,
WBTN.US,,
WBUY.US,,
WCT.US,,
WDAY.US,,
WDC.US,,
WDFC.US,,
WEEI.US,,
WEN.US,,
WERN.US,,
WEST.US,,
WETH.US,,
WEYS.US,,
WFCF.US,,
WFRD.US,,
WGMI.US,,
WGS.US,,
WGSWW.US,,
WHF.US,,
WHFCL.US,,
WHLM.US,,
WHLR.US,,
WHLRD.US,,
WHLRL.US,,
WHLRP.US,,
WILC.US,,
WIMI.US,,
WINA.US,,
WING.US,,
WINT.US,,
WINV.US,,
WINVR.US,,
WISA.US,,
WISE.US,,
WIX.US,,
WKEY.US,,
WKHS.US,,
WKME.US,,
WKSP.US,,
WLACU.US,,
WLDN.US,,
WLDS.US,,
WLDSW.US,,
WLFC.US,,
WLGS.US,,
WMG.US,,
WMPN.US,,
WNDY.US,,
WNEB.US,,
WNW.US,,
WOK.US,,
WOOF.US,,
WORX.US,,
WPRT.US,,
WRAP.US,,
WRD.US,,
WRLD.US,,
WRND.US,,
WRNT.US,,
WSBC.US,,
WSBCP.US,,
WSBF.US,,
WSC.US,,
WSFS.US,,
WTBA.US,,
WTBN.US,,
WTFC.US,,
WTFCM.US,,
WTFCP.US,,
WTMA.US,,
WTMAR.US,,
WTMAU.US,,
WTO.US,,
WTW.US,,
WULF.US,,
WVE.US,,
WVVI.US,,
WVVIP.US,,
WW.US,,
WWD.US,,
WYHG.US,,
WYNN.US,,
XAIR.US,,
XAIX.US,,
XBIL.US,,
XBIO.US,,
XBIT.US,,
XBP.US,,
XBPEW.US,,
XCH.US,,
XCNY.US,,
XCUR.US,,
XEL.US,,
XELA.US,,
XELAP.US,,
XELB.US,,
XENE.US,,
XERS.US,,
XFIN.US,,
XFINU.US,,
XFIX.US,,
XFOR.US,,
XGN.US,,
XHG.US,,
XLO.US,,
XMAG.US,,
XMTR.US,,
XNCR.US,,
XNET.US,,
XOMA.US,,
XOMAO.US,,
XOMAP.US,,
XOS.US,,
XOSWW.US,,
XOVR.US,,
XP.US,,
XPEL.US,,
XPON.US,,
XRAY.US,,
XRTX.US,,
XRX.US,,
XTIA.US,,
XTKG.US,,
XTLB.US,,
XWEL.US,,
XXII.US,,
XYLO.US,,
YAAS.US,,
YGMZ.US,,
YHGJ.US,,
YHNA.US,,
YHNAR.US,,
YHNAU.US,,
YI.US,,
YIBO.US,,
YJ.US,,
YMAB.US,,
YORW.US,,
YOSH.US,,
YOTA.US,,
YOTAR.US,,
YOTAU.US,,
YOTAW.US,,
YQ.US,,
YQQQ.US,,
YTRA.US,,
YXT.US,,
YY.US,,
YYAI.US,,
YYGH.US,,
Z.US,,
ZAPP.US,,
ZAPPW.US,,
ZBAO.US,,
ZBIO.US,,
ZBRA.US,,
ZCAR.US,,
ZCARW.US,,
ZCMD.US,,
ZD.US,,
ZENA.US,,
ZENV.US,,
ZEO.US,,
ZEOWW.US,,
ZEUS.US,,
ZG.US,,
ZI.US,,
ZIEXT.US,,
ZIMV.US,,
ZION.US,,
ZIONL.US,,
ZIONO.US,,
ZIONP.US,,
ZJK.US,,
ZJYL.US,,
ZKIN.US,,
ZLAB.US,,
ZM.US,,
ZNTL.US,,
ZOOZ.US,,
ZOOZW.US,,
ZPTA.US,,
ZPTAW.US,,
ZS.US,,
ZTEK.US,,
ZUMZ.US,,
ZURA.US,,
ZVRA.US,,
ZVSA.US,,
ZVZZT.US,,
ZYME.US,,
ZYXI.US,,
ZZZ.US,,
